userID,movies
589,5804
589,482
589,484
589,485
589,5017
589,1399
589,488
589,3678
589,489
589,490
589,2657
589,3604
589,291
589,493
589,2163
589,494
589,495
589,496
589,497
589,2430
589,2068
589,6914
589,259
589,8955
589,3938
589,460
589,3939
589,1859
589,462
589,6704
589,498
589,5992
589,499
589,971
589,293
589,500
589,4192
589,1400
589,5596
589,4529
589,294
589,3711
589,501
589,3679
589,3811
589,2651
589,295
589,3635
589,502
589,503
589,504
589,5832
589,1401
589,505
589,506
589,1290
589,4035
589,2663
589,5
589,4663
589,5550
589,4698
589,2420
589,5018
589,507
589,9348
589,2421
589,508
589,6915
589,4036
589,2503
589,5687
589,4037
589,509
589,510
589,511
589,512
589,4432
589,513
589,514
589,2431
589,515
589,8152
589,5289
589,9533
589,5551
589,516
589,6
589,517
589,8579
589,6792
589,519
589,296
589,1402
589,9349
589,2799
589,4765
589,520
589,521
589,5643
589,4038
589,9411
589,1403
589,7421
589,2504
589,2543
589,6019
589,4309
589,297
589,298
589,6144
589,6446
589,2800
589,4875
589,522
589,9561
589,6769
589,523
589,524
589,9723
589,2544
589,525
589,526
589,2164
589,5552
589,9350
589,8591
589,8
589,7125
589,6770
589,3680
589,5553
589,4463
589,9
589,527
589,528
589,529
589,299
589,3606
589,4392
589,5290
589,5287
589,533
589,300
589,1026
589,1404
589,534
589,2069
589,301
589,535
589,5554
589,536
589,537
589,538
589,6916
589,9351
589,539
589,828
589,4876
589,541
589,302
589,542
589,3164
589,2422
589,543
589,9247
589,3000
589,2505
589,9248
589,545
589,9426
589,2423
589,546
589,547
589,7247
589,548
589,549
589,550
589,551
589,2165
589,552
589,4257
589,3681
589,303
589,553
589,554
589,555
589,9412
589,304
589,12
589,556
589,557
589,2545
589,2506
589,5555
589,558
589,305
589,4180
589,559
589,14
589,560
589,561
589,2139
589,562
589,563
589,9554
589,5104
589,564
589,1238
589,2424
589,306
589,565
589,2432
589,566
589,567
589,568
589,465
589,569
589,3217
589,570
589,571
589,572
589,2652
589,466
589,573
589,9427
589,307
589,467
589,574
589,4193
589,5556
589,575
589,576
589,2070
589,577
589,578
589,5692
589,579
589,6049
589,6482
589,581
589,3051
589,582
589,583
589,4484
589,8919
589,9413
589,1341
589,3682
589,584
589,585
589,468
589,586
589,587
589,588
589,6160
589,1405
589,6308
589,3683
589,469
589,9352
589,589
589,4354
589,591
589,1004
589,2507
589,2433
589,2434
589,4787
589,592
589,9414
589,593
589,594
589,595
589,596
589,17
589,6042
589,308
589,9353
589,3684
589,2435
589,3774
589,3685
589,1406
589,3686
589,598
589,1407
589,9655
589,600
589,3687
589,601
589,2071
589,7089
589,602
589,603
589,1408
589,1390
589,605
589,6447
589,309
589,606
589,310
589,4485
589,607
589,311
589,6687
589,312
589,609
589,610
589,611
589,4310
589,313
589,613
589,614
589,615
589,9131
589,21
589,7248
589,6263
589,3167
589,617
589,3941
589,4008
589,3688
589,5538
589,619
589,1409
589,4892
589,620
589,972
589,893
589,622
589,5915
589,623
589,624
589,625
589,4052
589,2436
589,7422
589,2892
589,6166
589,7412
589,4839
589,2710
589,3366
589,4860
589,5916
589,807
589,5917
589,9250
589,6666
589,626
589,3689
589,1411
589,2546
589,6588
589,473
589,7971
589,627
589,2547
589,1412
589,628
589,629
589,315
589,2548
589,1413
589,2140
589,1414
589,23
589,2549
589,5047
589,631
589,1415
589,2166
589,5693
589,8888
589,632
589,2550
589,633
589,4756
589,2551
589,635
589,5694
589,2867
589,24
589,1156
589,5695
589,637
589,2437
589,2387
589,1024
589,8587
589,316
589,8146
589,2438
589,5288
589,638
589,639
589,2167
589,640
589,2552
589,641
589,5597
589,4053
589,642
589,8580
589,643
589,644
589,6483
589,2425
589,645
589,3001
589,474
589,317
589,6173
589,646
589,8990
589,2893
589,2168
589,2894
589,2653
589,647
589,1416
589,4694
589,8153
589,648
589,649
589,650
589,318
589,651
589,9354
589,5557
589,653
589,9251
589,6484
589,4742
589,654
589,5696
589,655
589,9355
589,2169
589,1342
589,319
589,657
589,973
589,1417
589,1418
589,2508
589,475
589,658
589,5697
589,3002
589,2654
589,6989
589,2895
589,3218
589,9356
589,9132
589,4486
589,974
589,8733
589,476
589,661
589,4054
589,477
589,3219
589,662
589,663
589,320
589,321
589,664
589,7870
589,665
589,29
589,2486
589,9535
589,666
589,6015
589,667
589,7413
589,2553
589,7086
589,7704
589,6309
589,1420
589,2065
589,2439
589,9428
589,5698
589,4840
589,7710
589,668
589,9429
589,5598
589,669
589,5993
589,9430
589,2440
589,4039
589,9431
589,6141
589,670
589,324
589,5291
589,9357
589,7871
589,2412
589,671
589,672
589,1421
589,1422
589,2413
589,2441
589,8984
589,673
589,4040
589,6716
589,6182
589,8738
589,829
589,674
589,675
589,9432
589,8758
589,5019
589,2170
589,9415
589,676
589,8154
589,2554
589,677
589,6050
589,4720
589,9358
589,260
589,9359
589,7423
589,258
589,1158
589,5539
589,4699
589,2410
589,38
589,678
589,2658
589,3447
589,4258
589,679
589,5558
589,9133
589,7414
589,1423
589,3367
589,914
589,1424
589,8585
589,4799
589,1095
589,5599
589,6706
589,2509
589,261
589,3690
589,5699
589,680
589,7376
589,681
589,5573
589,682
589,7872
589,8698
589,6717
589,683
589,9422
589,8078
589,3003
589,325
589,684
589,685
589,686
589,4560
589,2171
589,2442
589,5105
589,687
589,262
589,3691
589,1425
589,5286
589,3692
589,2708
589,3004
589,9656
589,6566
589,5574
589,5243
589,4041
589,2659
589,2072
589,1426
589,1427
589,1096
589,688
589,2995
589,3943
589,6020
589,326
589,5292
589,1428
589,5265
589,5048
589,690
589,4042
589,6726
589,9615
589,691
589,1159
589,4664
589,2896
589,2555
589,692
589,5103
589,8546
589,2426
589,8759
589,4043
589,2286
589,693
589,5160
589,1431
589,694
589,327
589,2812
589,696
589,9360
589,43
589,3526
589,8991
589,8061
589,2141
589,5700
589,1432
589,4704
589,251
589,5020
589,3871
589,8129
589,697
589,3872
589,6727
589,7415
589,3873
589,2655
589,1433
589,698
589,1434
589,2660
589,699
589,2661
589,4324
589,701
589,702
589,5021
589,7249
589,703
589,4355
589,3098
589,704
589,263
589,4800
589,2172
589,3005
589,9134
589,7236
589,1435
589,706
589,4010
589,5049
589,5701
589,5918
589,3278
589,8581
589,7143
589,2982
589,1436
589,707
589,708
589,7090
589,8956
589,5022
589,6183
589,8807
589,709
589,2662
589,710
589,328
589,4861
589,2287
589,6293
589,4044
589,3006
589,330
589,3693
589,3727
589,331
589,5244
589,3368
589,3728
589,1438
589,8155
589,6469
589,1439
589,894
589,6667
589,8062
589,3214
589,2996
589,5994
589,3729
589,5689
589,8156
589,1442
589,3279
589,2664
589,4259
589,3730
589,338
589,4218
589,7729
589,47
589,6541
589,3731
589,3732
589,3733
589,3694
589,3543
589,3734
589,5495
589,8157
589,7619
589,8158
589,9433
589,6364
589,1444
589,8159
589,3695
589,6688
589,5974
589,4701
589,8160
589,4216
589,711
589,712
589,8161
589,1445
589,713
589,3696
589,6161
589,5106
589,714
589,8162
589,2444
589,715
589,6485
589,716
589,7209
589,717
589,2665
589,718
589,5702
589,6365
589,49
589,1768
589,2897
589,3150
589,2801
589,2898
589,1771
589,1446
589,3280
589,1772
589,3281
589,9294
589,1447
589,50
589,51
589,52
589,53
589,54
589,55
589,2666
589,4045
589,9135
589,831
589,7424
589,3544
589,57
589,4665
589,4831
589,339
589,1448
589,5919
589,58
589,2073
589,5182
589,9361
589,9562
589,5575
589,2446
589,340
589,7620
589,1161
589,59
589,719
589,3775
589,720
589,4834
589,6264
589,8163
589,810
589,7621
589,2032
589,341
589,5050
589,5457
589,61
589,1449
589,721
589,2143
589,3944
589,5703
589,2011
589,863
589,3697
589,345
589,832
589,3169
589,2414
589,975
589,346
589,2427
589,2656
589,5107
589,4260
589,8985
589,5189
589,8992
589,7873
589,4046
589,9434
589,9362
589,2173
589,7425
589,6310
589,2997
589,5704
589,7702
589,6366
589,1450
589,5828
589,3698
589,3699
589,5540
589,3448
589,3700
589,5285
589,4047
589,4788
589,3712
589,4048
589,1098
589,7377
589,3053
589,9435
589,7250
589,5051
589,5108
589,6352
589,8582
589,2174
589,3498
589,1005
589,2074
589,5600
589,2447
589,4261
589,347
589,8147
589,348
589,3010
589,3545
589,1100
589,3701
589,349
589,3607
589,3702
589,2556
589,3608
589,3703
589,9136
589,350
589,3136
589,5814
589,1135
589,352
589,1451
589,3220
589,2075
589,2076
589,78
589,1104
589,79
589,353
589,80
589,1163
589,1954
589,1105
589,2077
589,2899
589,5833
589,2079
589,1452
589,8063
589,4055
589,2080
589,2900
589,6294
589,2082
589,7784
589,2754
589,7798
589,6184
589,82
589,1453
589,1107
589,1108
589,3812
589,267
589,5052
589,7972
589,8861
589,1109
589,3012
589,6938
589,7874
589,2176
589,4618
589,2755
589,2083
589,86
589,3013
589,357
589,2448
589,1111
589,88
589,1455
589,3704
589,2756
589,3705
589,9295
589,3282
589,3706
589,3707
589,1456
589,90
589,1112
589,3499
589,2901
589,8064
589,3708
589,5563
589,9363
589,5601
589,4841
589,4056
589,1457
589,6589
589,1458
589,6590
589,3221
589,6185
589,6591
589,7251
589,1459
589,8880
589,7426
589,4462
589,5014
589,8622
589,8760
589,4057
589,9252
589,1461
589,4058
589,8077
589,1462
589,2557
589,1464
589,1029
589,91
589,9364
589,3945
589,7091
589,7092
589,2416
589,4262
589,1465
589,2739
589,993
589,2417
589,5920
589,2418
589,2449
589,4049
589,977
589,6668
589,1471
589,1472
589,8620
589,3283
589,3222
589,9185
589,8971
589,3369
589,3014
589,6367
589,7973
589,5560
589,1474
589,3709
589,93
589,8761
589,8164
589,2450
589,1891
589,4894
589,7027
589,1291
589,994
589,6311
589,3813
589,94
589,1476
589,4050
589,7667
589,8165
589,3710
589,6162
589,3015
589,4051
589,9657
589,6728
589,7974
589,4862
589,8166
589,1343
589,2085
589,8993
589,1477
589,3054
589,2428
589,5762
589,2558
589,5023
589,3946
589,5293
589,979
589,6497
589,6486
589,1478
589,2668
589,95
589,2451
589,5294
589,6095
589,362
589,2559
589,5183
589,1479
589,1480
589,2429
589,2178
589,5995
589,1481
589,4213
589,2086
589,4895
589,363
589,2560
589,96
589,9365
589,2452
589,8747
589,1483
589,2179
589,4863
589,7427
589,2453
589,2561
589,1485
589,6592
589,9436
589,5996
589,8167
589,6186
589,3016
589,1486
589,97
589,5561
589,6187
589,5921
589,8065
589,8168
589,8066
589,1344
589,3947
589,2562
589,9366
589,3284
589,5041
589,980
589,3713
589,9137
589,6498
589,4150
589,6312
589,2454
589,3223
589,1487
589,7875
589,3776
589,2455
589,5295
589,1775
589,7975
589,9367
589,1488
589,1489
589,812
589,5592
589,4842
589,6265
589,1490
589,3449
589,6669
589,5862
589,3017
589,7069
589,1492
589,3777
589,4991
589,5245
589,2973
589,6313
589,6990
589,100
589,6314
589,5705
589,5434
589,1494
589,9368
589,981
589,1495
589,4666
589,1006
589,1496
589,2147
589,1497
589,6315
589,8477
589,3714
589,2133
589,5296
589,5706
589,4667
589,7093
589,5707
589,1498
589,982
589,7428
589,4148
589,6096
589,7429
589,5297
589,9369
589,9370
589,1499
589,2669
589,984
589,8846
589,1007
589,104
589,2456
589,8881
589,3715
589,105
589,5708
589,5109
589,8169
589,5637
589,3055
589,9616
589,2457
589,3285
589,1241
589,1008
589,2670
589,2458
589,4619
589,3018
589,7053
589,1501
589,5298
589,8170
589,5975
589,8920
589,8678
589,9416
589,5834
589,7430
589,9186
589,1502
589,4151
589,6368
589,4896
589,7252
589,5976
589,1504
589,2563
589,2051
589,3019
589,5709
589,2459
589,2460
589,833
589,7711
589,5710
589,2180
589,1505
589,1113
589,1506
589,728
589,3716
589,4464
589,5491
589,5711
589,985
589,1507
589,1508
589,9586
589,7876
589,9323
589,986
589,3717
589,5299
589,3056
589,6448
589,7388
589,1510
589,3286
589,233
589,6481
589,2087
589,4726
589,5110
589,1512
589,366
589,1292
589,6567
589,2564
589,4897
589,3948
589,1168
589,3718
589,5712
589,3450
589,367
589,368
589,4668
589,6136
589,6844
589,6499
589,1514
589,1515
589,5743
589,2671
589,1516
589,5562
589,4510
589,8080
589,6509
589,9371
589,4059
589,6433
589,3170
589,4511
589,5922
589,5625
589,4992
589,5492
589,2288
589,2672
589,7253
589,4060
589,2397
589,7622
589,3370
589,1517
589,4561
589,1518
589,729
589,2181
589,6175
589,110
589,8994
589,5458
589,3057
589,1519
589,2461
589,5459
589,2462
589,6845
589,111
589,112
589,1520
589,6167
589,4620
589,2088
589,2565
589,1521
589,1522
589,7064
589,5145
589,8588
589,8751
589,5998
589,5300
589,7799
589,4669
589,1523
589,4621
589,4219
589,369
589,2566
589,5053
589,5146
589,7730
589,988
589,2463
589,4743
589,1524
589,1525
589,1526
589,4490
589,9437
589,3020
589,2089
589,370
589,9658
589,1527
589,2673
589,6097
589,2674
589,5713
589,7431
589,3451
589,2903
589,5714
589,1528
589,989
589,371
589,2090
589,372
589,5835
589,1529
589,3171
589,4562
589,1530
589,373
589,8171
589,374
589,4670
589,7378
589,8172
589,6316
589,1532
589,375
589,1032
589,8589
589,1533
589,3021
589,8173
589,376
589,377
589,990
589,1534
589,113
589,1535
589,7432
589,7877
589,1169
589,8174
589,114
589,8175
589,5194
589,5195
589,8176
589,8177
589,2675
589,5196
589,5715
589,5197
589,2399
589,8178
589,5301
589,4168
589,3058
589,6689
589,4877
589,5546
589,2037
589,3224
589,4899
589,4174
589,3501
589,2091
589,1536
589,3137
589,380
589,116
589,381
589,5111
589,1537
589,1538
589,1539
589,1540
589,6793
589,2567
589,2568
589,7254
589,8623
589,5112
589,8882
589,4062
589,6846
589,6369
589,6370
589,8762
589,8739
589,834
589,8740
589,1541
589,6188
589,6189
589,1542
589,6371
589,7032
589,6002
589,2905
589,2388
589,1033
589,991
589,1543
589,1544
589,4356
589,7878
589,7433
589,9372
589,3022
589,8808
589,4622
589,1545
589,1546
589,1547
589,5161
589,120
589,382
589,3059
589,2182
589,7879
589,5602
589,5303
589,1548
589,992
589,2148
589,122
589,1549
589,5496
589,1550
589,1551
589,5015
589,9138
589,1552
589,1553
589,2676
589,6372
589,1554
589,9139
589,123
589,6725
589,124
589,5999
589,5113
589,1555
589,1556
589,125
589,6373
589,5716
589,6374
589,1777
589,1557
589,2677
589,1558
589,3023
589,8527
589,6317
589,4900
589,7255
589,996
589,6318
589,7256
589,3060
589,4901
589,2734
589,3452
589,5162
589,3875
589,1779
589,1560
589,1780
589,128
589,5016
589,1561
589,129
589,130
589,6375
589,131
589,1562
589,6376
589,9659
589,3024
589,4149
589,9373
589,133
589,2678
589,8737
589,1563
589,384
589,1564
589,1565
589,2464
589,4623
589,4145
589,135
589,4063
589,1566
589,7434
589,6377
589,2711
589,4064
589,1567
589,2679
589,3287
589,5114
589,7976
589,4433
589,8116
589,5055
589,4263
589,4671
589,2868
589,1569
589,1781
589,3507
589,4065
589,137
589,1570
589,138
589,2149
589,139
589,1571
589,385
589,2569
589,5603
589,1572
589,6487
589,386
589,2150
589,5717
589,1573
589,6593
589,2570
589,9438
589,2906
589,4766
589,140
589,5115
589,6378
589,2757
589,5576
589,4672
589,1574
589,1575
589,6190
589,1576
589,7435
589,8921
589,1391
589,8179
589,6177
589,8180
589,8181
589,5304
589,6178
589,7880
589,1171
589,8182
589,7658
589,8183
589,6979
589,6594
589,2830
589,2680
589,8922
589,3083
589,8184
589,388
589,389
589,5805
589,1577
589,9439
589,5497
589,3876
589,5116
589,8185
589,6319
589,7977
589,8825
589,7045
589,1578
589,2183
589,1579
589,2571
589,5056
589,6168
589,6379
589,1580
589,1581
589,1582
589,5057
589,1583
589,1584
589,8478
589,4357
589,5117
589,143
589,5266
589,1585
589,8763
589,3225
589,8120
589,6380
589,7436
589,1586
589,4175
589,1587
589,7437
589,2908
589,1588
589,1589
589,6518
589,2487
589,7438
589,2184
589,6712
589,9660
589,1036
589,1590
589,4152
589,8995
589,390
589,9374
589,6381
589,1591
589,272
589,3026
589,5058
589,8996
589,7978
589,1592
589,5305
589,5744
589,2572
589,4066
589,7257
589,9375
589,7979
589,2573
589,7077
589,5645
589,2465
589,2151
589,3226
589,3172
589,5118
589,1594
589,3227
589,3597
589,1595
589,2909
589,6320
589,4220
589,5829
589,1597
589,4878
589,4673
589,6595
589,2466
589,3288
589,1598
589,392
589,4181
589,8997
589,2501
589,4434
589,4902
589,5498
589,6382
589,6145
589,5059
589,5718
589,393
589,2574
589,149
589,1599
589,1600
589,2910
589,2467
589,2185
589,394
589,3547
589,5060
589,8506
589,2911
589,5119
589,6383
589,150
589,5120
589,7731
589,1601
589,6980
589,5664
589,1603
589,5719
589,1604
589,1605
589,6684
589,6169
589,1861
589,2912
589,2913
589,3639
589,5720
589,3640
589,3641
589,3290
589,151
589,9440
589,4325
589,395
589,2468
589,5100
589,1607
589,153
589,7078
589,6384
589,3228
589,1862
589,2575
589,2120
589,1609
589,2914
589,2532
589,1610
589,155
589,8892
589,1611
589,9376
589,1612
589,4067
589,1613
589,6917
589,156
589,1614
589,3027
589,1782
589,2681
589,5836
589,2576
589,7227
589,9377
589,5547
589,6450
589,6991
589,2469
589,6170
589,1615
589,4491
589,6191
589,157
589,8764
589,5460
589,1616
589,2915
589,4068
589,5435
589,1618
589,158
589,6385
589,3155
589,6386
589,1619
589,1620
589,396
589,1621
589,5769
589,3291
589,7439
589,5721
589,5306
589,4674
589,3028
589,5722
589,160
589,7980
589,9441
589,7440
589,8530
589,999
589,7258
589,1114
589,1622
589,161
589,8145
589,6451
589,4264
589,1623
589,2577
589,6192
589,2578
589,2470
589,162
589,9442
589,2682
589,2579
589,6596
589,3636
589,5061
589,9378
589,1624
589,5837
589,5838
589,6597
589,6193
589,1625
589,7732
589,7733
589,4069
589,7734
589,2916
589,5723
589,5184
589,5499
589,163
589,5121
589,2153
589,2917
589,5436
589,5724
589,5725
589,8889
589,1293
589,7712
589,5029
589,9379
589,7241
589,1627
589,6452
589,1628
589,4221
589,7441
589,2758
589,2918
589,1629
589,5511
589,1630
589,6598
589,3292
589,4903
589,5307
589,6000
589,3293
589,2580
589,7442
589,1000
589,8734
589,2581
589,5564
589,8972
589,9380
589,4789
589,2092
589,167
589,1001
589,4888
589,397
589,9418
589,4465
589,8998
589,2919
589,8923
589,4904
589,6179
589,3548
589,168
589,8765
589,2582
589,3516
589,4153
589,9661
589,1632
589,5308
589,9381
589,8186
589,8187
589,2920
589,1633
589,2921
589,169
589,2186
589,9382
589,4624
589,1634
589,8890
589,6321
589,4070
589,1294
589,8891
589,6180
589,7259
589,5830
589,2922
589,6599
589,3949
589,174
589,4393
589,175
589,4071
589,8188
589,2033
589,8883
589,7126
589,7155
589,3609
589,6453
589,2923
589,7684
589,1637
589,7242
589,5577
589,731
589,1638
589,2389
589,5578
589,6981
589,8081
589,3029
589,4905
589,2093
589,1639
589,732
589,8873
589,2471
589,5309
589,178
589,7735
589,1091
589,7070
589,5310
589,8189
589,8999
589,4802
589,179
589,1058
589,2583
589,3120
589,1115
589,7379
589,1641
589,1642
589,5033
589,400
589,2584
589,7981
589,2683
589,1643
589,1644
589,6098
589,1645
589,1116
589,7194
589,9383
589,2094
589,9384
589,7982
589,4843
589,2095
589,2684
589,2759
589,1646
589,5062
589,2488
589,6488
589,9555
589,8914
589,3067
589,8884
589,5726
589,8703
589,8190
589,5565
589,5122
589,1647
589,5825
589,5123
589,4675
589,5063
589,7443
589,2925
589,1648
589,8191
589,3030
589,9698
589,181
589,4676
589,5311
589,6146
589,8847
589,2831
589,5124
589,403
589,2585
589,4695
589,9253
589,8948
589,4906
589,6099
589,5064
589,4072
589,2386
589,4073
589,1295
589,5727
589,6600
589,1649
589,5125
589,4074
589,4358
589,3605
589,1650
589,2489
589,3950
589,2587
589,1092
589,4864
589,5493
589,9341
589,8192
589,1651
589,3296
589,7221
589,2588
589,1653
589,7668
589,1654
589,4790
589,5512
589,7705
589,6174
589,9385
589,3951
589,5579
589,5728
589,4075
589,5126
589,4907
589,8757
589,1655
589,6322
589,183
589,2589
589,6463
589,6181
589,7444
589,1656
589,4222
589,4563
589,8072
589,1657
589,2187
589,405
589,4677
589,6194
589,5200
589,6918
589,274
589,6387
589,7243
589,1658
589,6147
589,1659
589,8766
589,9386
589,6388
589,1660
589,4076
589,8874
589,1661
589,185
589,406
589,2472
589,2154
589,838
589,8624
589,5042
589,5043
589,3297
589,6908
589,1662
589,7445
589,9387
589,2155
589,7736
589,1663
589,4908
589,2592
589,7446
589,9388
589,7447
589,6919
589,6718
589,9443
589,1664
589,186
589,1665
589,839
589,6389
589,6390
589,3173
589,2593
589,6137
589,6794
589,2096
589,3031
589,6016
589,407
589,3032
589,4889
589,2760
589,408
589,8193
589,7448
589,8194
589,8195
589,4265
589,6454
589,3952
589,3033
589,1667
589,6323
589,1784
589,2712
589,2473
589,9550
589,5066
589,6877
589,7983
589,3298
589,6027
589,2189
589,3229
589,3034
589,6601
589,6324
589,8898
589,3230
589,5548
589,1668
589,4678
589,5067
589,5312
589,9389
589,409
589,6195
589,6982
589,5313
589,5127
589,2926
589,7449
589,3877
589,8885
589,5604
589,5839
589,5128
589,8535
589,6455
589,1866
589,4077
589,1669
589,4909
589,197
589,1117
589,2066
589,9390
589,5314
589,2685
589,1670
589,2040
589,6456
589,7450
589,9444
589,4910
589,4078
589,5729
589,6391
589,1671
589,1672
589,4079
589,2502
589,2190
589,8886
589,1118
589,9187
589,275
589,3084
589,4395
589,5068
589,3231
589,2097
589,1673
589,1674
589,5605
589,2156
589,6325
589,3778
589,1676
589,3174
589,5831
589,6489
589,410
589,3035
589,6326
589,1677
589,6602
589,201
589,5745
589,4911
589,1678
589,7737
589,7881
589,6100
589,411
589,3735
589,6470
589,1679
589,1680
589,6685
589,2490
589,4844
589,5500
589,6519
589,1682
589,8887
589,3232
589,3061
589,5069
589,3299
589,5315
589,412
589,6686
589,413
589,6464
589,1684
589,7984
589,3549
589,5770
589,5513
589,4912
589,8949
589,5771
589,5070
589,3736
589,2845
589,4679
589,2191
589,1685
589,4865
589,4680
589,1686
589,2192
589,6018
589,2193
589,1119
589,8196
589,6976
589,7451
589,8197
589,1687
589,735
589,2927
589,9188
589,4913
589,7058
589,9254
589,2595
589,4397
589,3453
589,8198
589,7079
589,5580
589,5071
589,5730
589,5072
589,8199
589,5606
589,7358
589,5073
589,2596
589,8893
589,5987
589,6603
589,5316
589,3503
589,4080
589,3674
589,1037
589,1785
589,5317
589,1786
589,414
589,6392
589,7080
589,4223
589,5731
589,5074
589,204
589,2194
589,6690
589,840
589,1120
589,8862
589,205
589,2597
589,2195
589,4182
589,8693
589,2098
589,4081
589,9391
589,4398
589,4914
589,2598
589,4011
589,1689
589,6327
589,5607
589,2034
589,3610
589,2196
589,5075
589,3233
589,1690
589,416
589,7452
589,2599
589,276
589,8200
589,1691
589,5608
589,4681
589,1692
589,2761
589,2533
589,5076
589,5077
589,1693
589,7882
589,5823
589,8130
589,3062
589,6196
589,1694
589,8073
589,8074
589,206
589,4176
589,2197
589,207
589,2687
589,2198
589,4682
589,2199
589,4399
589,1917
589,1183
589,1697
589,2600
589,2201
589,2601
589,3234
589,1142
589,1698
589,2099
589,3611
589,4082
589,2688
589,1699
589,2491
589,2202
589,2203
589,209
589,2689
589,7883
589,7738
589,6604
589,8201
589,5078
589,7739
589,2510
589,5044
589,5045
589,9445
589,8625
589,9446
589,4683
589,2013
589,2602
589,7071
589,1010
589,1700
589,6328
589,9392
589,8961
589,4266
589,3550
589,1701
589,3527
589,4267
589,3085
589,6393
589,3737
589,1702
589,418
589,2014
589,5318
589,1703
589,4224
589,2603
589,4866
589,841
589,5609
589,6699
589,6394
589,9551
589,5079
589,4744
589,9393
589,6395
589,2492
589,2157
589,8786
589,8924
589,736
589,1704
589,5129
589,419
589,3504
589,5201
589,6396
589,1706
589,4915
589,9394
589,7453
589,9000
589,6329
589,2690
589,9534
589,1707
589,2929
589,5732
589,7740
589,7454
589,5733
589,1708
589,1709
589,1710
589,2726
589,1712
589,1714
589,1715
589,5610
589,8915
589,5147
589,8148
589,5734
589,421
589,1011
589,1788
589,8502
589,6490
589,8916
589,2762
589,3454
589,5735
589,6943
589,5690
589,6605
589,1718
589,3612
589,3037
589,5439
589,8507
589,1121
589,2930
589,5736
589,5737
589,5738
589,5739
589,7177
589,5566
589,6847
589,212
589,213
589,8767
589,2846
589,3235
589,5611
589,3038
589,7685
589,214
589,8917
589,3300
589,7072
589,1719
589,7260
589,7188
589,6535
589,8750
589,9395
589,3063
589,1185
589,8548
589,1720
589,5080
589,5549
589,5612
589,5081
589,5319
589,8202
589,1722
589,1723
589,6606
589,216
589,6330
589,422
589,1724
589,1725
589,5082
589,3039
589,5827
589,1726
589,3064
589,1727
589,1728
589,2604
589,5083
589,1729
589,5084
589,7724
589,1039
589,6197
589,1790
589,1012
589,9396
589,1730
589,5501
589,5320
589,8711
589,5740
589,6397
589,1731
589,5613
589,5741
589,2869
589,9397
589,3455
589,1732
589,1040
589,1733
589,4684
589,424
589,7455
589,4012
589,2205
589,6491
589,7081
589,4685
589,1734
589,1791
589,1735
589,3301
589,3302
589,1041
589,2121
589,4916
589,6457
589,1070
589,4083
589,5202
589,1792
589,6017
589,6951
589,8071
589,6729
589,9001
589,5130
589,5437
589,8768
589,3613
589,8769
589,6952
589,7456
589,7800
589,7884
589,1737
589,9398
589,7261
589,7410
589,425
589,4268
589,3041
589,1738
589,4311
589,7741
589,4917
589,5321
589,3738
589,9189
589,4326
589,3739
589,4194
589,3740
589,1739
589,8203
589,2931
589,1793
589,5131
589,220
589,5046
589,8149
589,1740
589,7457
589,8741
589,5514
589,3042
589,4269
589,8534
589,3043
589,4312
589,6458
589,9399
589,9447
589,8204
589,3044
589,2606
589,7094
589,5132
589,6198
589,3303
589,9400
589,8150
589,4359
589,8770
589,8771
589,1741
589,8772
589,8773
589,6492
589,1003
589,9002
589,5030
589,6001
589,8704
589,8705
589,3304
589,6199
589,4270
589,8774
589,4880
589,7262
589,3815
589,5614
589,4918
589,1742
589,1743
589,4271
589,5840
589,6398
589,4155
589,8775
589,1744
589,1745
589,2607
589,2608
589,6200
589,1870
589,1746
589,1747
589,9003
589,1748
589,8650
589,6462
589,8729
589,1750
589,1751
589,3305
589,1752
589,9004
589,6493
589,5502
589,1753
589,6459
589,8205
589,8206
589,7082
589,1014
589,8522
589,4225
589,8490
589,6295
589,7886
589,8144
589,5615
589,5616
589,5438
589,4084
589,6331
589,225
589,6101
589,7083
589,6707
589,6171
589,7660
589,842
589,6730
589,4919
589,6460
589,8207
589,226
589,1123
589,5923
589,1754
589,227
589,1755
589,4226
589,5322
589,6296
589,2289
589,3517
589,1242
589,1756
589,1757
589,7178
589,8075
589,5008
589,7084
589,2290
589,7411
589,5323
589,1243
589,1758
589,2609
589,7263
589,2494
589,6399
589,4085
589,3045
589,1759
589,6400
589,5924
589,3046
589,3047
589,5024
589,6510
589,3816
589,4738
589,3954
589,7179
589,4400
589,1085
589,2206
589,1760
589,8848
589,3306
589,8076
589,426
589,8208
589,7458
589,2161
589,9401
589,7985
589,6332
589,4466
589,4590
589,1761
589,1016
589,2932
589,4625
589,5203
589,1762
589,6401
589,6172
589,9448
589,229
589,4086
589,3048
589,4867
589,7264
589,2933
589,4217
589,8209
589,4169
589,3099
589,4273
589,2100
589,7416
589,2610
589,1763
589,1764
589,1345
589,6607
589,4686
589,8151
589,6402
589,5617
589,1765
589,1766
589,7265
589,1767
589,4087
589,2611
589,5841
589,2713
589,6731
589,6403
589,7459
589,6461
589,427
589,1795
589,7417
589,6201
589,5133
589,8082
589,3456
589,2495
589,5324
589,1018
589,7887
589,7266
589,9324
589,8210
589,916
589,6691
589,4920
589,5135
589,5325
589,866
589,6911
589,5326
589,6713
589,6937
589,4693
589,1019
589,5567
589,5327
589,1188
589,7460
589,6912
589,7461
589,3049
589,4530
589,4921
589,4626
589,6202
589,5204
589,3721
589,429
589,6913
589,3165
589,6333
589,5328
589,739
589,2934
589,2935
589,7267
589,9449
589,7801
589,7085
589,5329
589,6404
589,5503
589,6405
589,6138
589,6406
589,5568
589,7742
589,3817
589,4013
589,3050
589,6203
589,8742
589,8743
589,8744
589,8745
589,6608
589,5751
589,9563
589,2612
589,5330
589,277
589,2207
589,7462
589,1020
589,7463
589,4832
589,5331
589,6407
589,8746
589,2936
589,8962
589,9005
589,5691
589,5205
589,8211
589,430
589,2714
589,6408
589,1797
589,7686
589,6409
589,7888
589,3307
589,4767
589,3308
589,4922
589,4923
589,1798
589,2613
589,3457
589,8083
589,1800
589,3741
589,5332
589,5333
589,1919
589,4327
589,2474
589,4924
589,1801
589,6410
589,432
589,4687
589,1873
589,230
589,1189
589,2614
589,6411
589,6412
589,7464
589,433
589,4014
589,1802
589,2041
589,1803
589,434
589,435
589,3175
589,4467
589,437
589,6204
589,4925
589,5334
589,438
589,439
589,4926
589,2042
589,4868
589,9664
589,1805
589,1874
589,4927
589,6413
589,8213
589,7743
589,5335
589,7073
589,1806
589,5136
589,4928
589,6334
589,2616
589,4688
589,7268
589,7269
589,4869
589,2617
589,3310
589,3311
589,7802
589,6051
589,4591
589,2847
589,440
589,3878
589,7418
589,7074
589,3236
589,8214
589,7465
589,4745
589,4689
589,2618
589,1875
589,6920
589,9140
589,7466
589,1807
589,6360
589,4088
589,7669
589,2619
589,3551
589,2691
589,3139
589,1297
589,2132
589,1920
589,4089
589,6414
589,8508
589,8215
589,7467
589,6335
589,6708
589,3618
589,441
589,7468
589,3312
589,7469
589,4156
589,6609
589,3176
589,8216
589,4690
589,843
589,2620
589,5336
589,8700
589,8802
589,7470
589,7471
589,3313
589,5163
589,6205
589,442
589,1346
589,5337
589,7472
589,1022
589,3237
589,4328
589,8643
589,5338
589,1808
589,2622
589,7744
589,5339
589,3238
589,4468
589,5340
589,1809
589,9587
589,8217
589,443
589,4929
589,4845
589,8218
589,5569
589,7419
589,2727
589,1955
589,5341
589,6714
589,6610
589,8219
589,3818
589,8976
589,4930
589,8220
589,7687
589,7270
589,5164
589,6983
589,9006
589,7745
589,8925
589,8626
589,3239
589,8221
589,5085
589,2623
589,6715
589,2210
589,7746
589,6795
589,4090
589,2937
589,8863
589,6128
589,8222
589,5763
589,2496
589,1059
589,743
589,6206
589,4931
589,4493
589,5842
589,3240
589,1810
589,5843
589,4932
589,2101
589,8084
589,7380
589,2211
589,445
589,9007
589,2938
589,7474
589,4933
589,6207
589,3458
589,5461
589,2212
589,447
589,4091
589,2939
589,6732
589,4934
589,448
589,6921
589,4935
589,7420
589,8717
589,449
589,5342
589,7244
589,7271
589,2624
589,2764
589,8708
589,6336
589,9255
589,7272
589,7475
589,2941
589,8223
589,2625
589,6922
589,8224
589,6992
589,7273
589,4360
589,3742
589,4092
589,5343
589,4627
589,5344
589,450
589,7476
589,5345
589,2390
589,4093
589,2626
589,2628
589,7245
589,7672
589,4274
589,3314
589,1191
589,6003
589,2629
589,6337
589,8801
589,4936
589,5772
589,4937
589,2942
589,8950
589,2213
589,6338
589,451
589,2630
589,5346
589,2631
589,7477
589,7033
589,7246
589,3315
589,9450
589,2632
589,4361
589,4592
589,1814
589,4938
589,3459
589,746
589,6611
589,3316
589,5165
589,8926
589,1817
589,5462
589,3177
589,452
589,6102
589,1192
589,6339
589,3879
589,3642
589,3317
589,3318
589,5347
589,7274
589,3940
589,7275
589,7276
589,9008
589,9451
589,2634
589,7747
589,2765
589,7727
589,6612
589,6993
589,5348
589,7277
589,7278
589,8509
589,2035
589,6415
589,1956
589,3121
589,1298
589,4564
589,6796
589,1392
589,6984
589,9402
589,2870
589,6994
589,8986
589,7279
589,3552
589,9403
589,7280
589,4833
589,9256
589,6692
589,8225
589,7095
589,9404
589,2943
589,4094
589,5349
589,5148
589,7281
589,2635
589,6416
589,7127
589,8706
589,1818
589,7785
589,3178
589,1819
589,5137
589,7478
589,5350
589,7713
589,8491
589,4250
589,9665
589,7479
589,6417
589,4721
589,7480
589,7481
589,2944
589,3241
589,2636
589,4870
589,9699
589,2016
589,6035
589,6923
589,5541
589,6418
589,2715
589,7482
589,4227
589,2637
589,7483
589,8840
589,6139
589,2638
589,6700
589,8226
589,4628
589,2639
589,7484
589,9009
589,6419
589,8227
589,2945
589,9564
589,6004
589,3242
589,6924
589,8849
589,2692
589,9666
589,9010
589,7075
589,6420
589,2946
589,2640
589,8067
589,9011
589,7889
589,2641
589,7076
589,278
589,1820
589,6613
589,8228
589,6421
589,6925
589,7485
589,6849
589,7748
589,7282
589,5676
589,6148
589,6036
589,6208
589,4939
589,4940
589,3243
589,2642
589,5844
589,3553
589,9258
589,7283
589,4871
589,8492
589,7381
589,7284
589,2643
589,2644
589,9012
589,3244
589,7486
589,9013
589,7890
589,2645
589,8229
589,4629
589,7210
589,3245
589,7487
589,6614
589,3246
589,4095
589,8230
589,2947
589,9014
589,9015
589,7488
589,9016
589,4096
589,7489
589,1347
589,6615
589,9017
589,5773
589,5581
589,7490
589,3247
589,6733
589,4872
589,7285
589,9452
589,5752
589,7491
589,6266
589,6616
589,3779
589,1878
589,7034
589,1244
589,4097
589,5633
589,2214
589,5267
589,5351
589,2647
589,7749
589,7211
589,4873
589,8231
589,7492
589,1821
589,3319
589,5352
589,453
589,5353
589,5354
589,4098
589,8661
589,918
589,4495
589,2871
589,9453
589,2648
589,2766
589,7750
589,4099
589,6617
589,4228
589,7493
589,9018
589,9454
589,7494
589,6618
589,9617
589,7495
589,4229
589,3780
589,4100
589,2649
589,9618
589,3321
589,9249
589,6209
589,3881
589,2650
589,7286
589,2215
589,9455
589,9405
589,1957
589,9406
589,6619
589,5355
589,748
589,4941
589,8232
589,9407
589,3955
589,6267
589,6734
589,6422
589,5925
589,6149
589,2948
589,6926
589,8927
589,9296
589,6927
589,4942
589,1043
589,7496
589,5588
589,5356
589,9259
589,8493
589,4943
589,1193
589,8781
589,9700
589,4157
589,6500
589,1823
589,5138
589,4944
589,4746
589,3100
589,4230
589,454
589,7714
589,3496
589,7497
589,6529
589,9701
589,6210
589,5746
589,6620
589,6709
589,7751
589,6501
589,919
589,8554
589,455
589,9408
589,5977
589,9325
589,8233
589,5357
589,6211
589,2216
589,3179
589,4101
589,7752
589,7405
589,7498
589,2802
589,3637
589,7499
589,9667
589,5845
589,1825
589,5086
589,5515
589,9409
589,2217
589,4275
589,5866
589,2017
589,4696
589,4630
589,8928
589,4945
589,8234
589,8235
589,4946
589,4102
589,8236
589,7688
589,5978
589,8237
589,2391
589,8121
589,5570
589,6340
589,9410
589,5358
589,4874
589,5504
589,7128
589,5359
589,8730
589,2018
589,7500
589,1826
589,4947
589,6735
589,5360
589,8929
589,9456
589,6052
589,6466
589,8510
589,7287
589,5824
589,6621
589,4948
589,1958
589,9457
589,749
589,6502
589,1827
589,7501
589,1828
589,5361
589,4103
589,6006
589,4949
589,8238
589,6622
589,8085
589,4747
589,1829
589,4950
589,5166
589,2832
589,3956
589,8239
589,8748
589,4183
589,2949
589,3323
589,5362
589,3497
589,456
589,9458
589,6623
589,751
589,3614
589,5363
589,4469
589,6624
589,5364
589,3743
589,4496
589,1830
589,458
589,2043
589,5443
589,4104
589,5365
589,4231
589,2767
589,6625
589,6007
589,6008
589,6933
589,5366
589,5206
589,4951
589,9668
589,7891
589,1959
589,7689
589,7502
589,6928
589,2768
589,2693
589,7180
589,4362
589,5571
589,5167
589,7690
589,9297
589,4232
589,7096
589,9260
589,2019
589,6009
589,6010
589,6011
589,1071
589,1348
589,2849
589,5168
589,7753
589,6423
589,5856
589,968
589,6021
589,6012
589,2694
589,5367
589,4993
589,7503
589,7504
589,1245
589,3180
589,7382
589,6424
589,459
589,2291
589,3324
589,8240
589,2950
589,1246
589,1125
589,6434
589,2716
589,4470
589,8086
589,5368
589,1831
589,2403
589,7754
589,7288
589,3461
589,4105
589,7289
589,3643
589,1832
589,4952
589,2951
589,4471
589,5440
589,8241
589,2769
589,4631
589,8242
589,1195
589,2218
589,7803
589,4472
589,8243
589,1834
589,1835
589,4953
589,2770
589,3249
589,4497
589,3181
589,4159
589,8830
589,4531
589,954
589,6929
589,4473
589,955
589,3101
589,5505
589,2952
589,8627
589,5369
589,5747
589,279
589,4474
589,9019
589,9020
589,2220
589,8752
589,231
589,5370
589,7691
589,4837
589,4728
589,868
589,9261
589,7505
589,8494
589,1960
589,7506
589,4160
589,7507
589,7025
589,6930
589,6212
589,8244
589,8523
589,6213
589,7508
589,1961
589,5371
589,5926
589,4748
589,6670
589,3744
589,2497
589,3645
589,5372
589,9021
589,6626
589,8963
589,8930
589,3646
589,4955
589,2717
589,4170
589,1837
589,9022
589,7509
589,7097
589,8245
589,8246
589,1196
589,7290
589,6214
589,6503
589,6520
589,5373
589,7129
589,4475
589,9023
589,6150
589,5589
589,7181
589,2475
589,6341
589,2696
589,2221
589,7048
589,5374
589,7291
589,4835
589,3819
589,4106
589,9191
589,8247
589,6627
589,1838
589,7402
589,4881
589,7510
589,9669
589,280
589,4956
589,8628
589,4195
589,6495
589,8511
589,9024
589,7892
589,6736
589,8087
589,7511
589,8088
589,8248
589,5506
589,1880
589,2697
589,9025
589,5169
589,8089
589,3182
589,6944
589,9298
589,8249
589,2850
589,6103
589,7512
589,6737
589,8090
589,7513
589,6342
589,7893
589,5516
589,4161
589,4162
589,5774
589,7755
589,1839
589,6628
589,4957
589,6343
589,5207
589,3250
589,2222
589,9026
589,9459
589,1247
589,3957
589,6344
589,9565
589,7514
589,6022
589,3958
589,4958
589,2698
589,4846
589,7515
589,3959
589,3960
589,7098
589,3183
589,2223
589,1840
589,4107
589,7408
589,3647
589,7516
589,5375
589,3882
589,3554
589,5010
589,4476
589,3555
589,9262
589,2699
589,4477
589,8250
589,2498
589,4478
589,6133
589,6104
589,7517
589,7518
589,5376
589,7519
589,5377
589,7651
589,8782
589,7520
589,2224
589,2102
589,7756
589,7521
589,4959
589,2953
589,8069
589,3556
589,7522
589,4108
589,5378
589,8495
589,6105
589,8251
589,7757
589,4960
589,4961
589,6629
589,4498
589,1843
589,8512
589,4593
589,9460
589,4276
589,4401
589,8252
589,4402
589,869
589,6538
589,5379
589,4177
589,9670
589,5775
589,8253
589,4882
589,3638
589,5208
589,8513
589,7523
589,4479
589,4313
589,6988
589,7292
589,6693
589,8814
589,3326
589,7692
589,4594
589,6985
589,7715
589,5185
589,289
589,3648
589,5149
589,7524
589,3184
589,1845
589,4171
589,5380
589,7525
589,5381
589,7526
589,5382
589,5383
589,6425
589,8111
589,3961
589,6710
589,4962
589,7527
589,4109
589,4595
589,8254
589,9027
589,6630
589,3327
589,2225
589,845
589,8514
589,6355
589,4480
589,846
589,6216
589,7894
589,6631
589,8255
589,5846
589,3462
589,5867
589,6297
589,4233
589,7528
589,6426
589,1846
589,760
589,7293
589,4481
589,7099
589,1349
589,7383
589,7529
589,5170
589,7409
589,6738
589,7384
589,5868
589,4110
589,3745
589,7530
589,8913
589,5150
589,5384
589,7294
589,7758
589,4722
589,2851
589,5507
589,5508
589,5385
589,5509
589,2701
589,4499
589,2524
589,9461
589,1847
589,2954
589,4963
589,848
589,4847
589,1963
589,8256
589,8753
589,7295
589,1964
589,7531
589,5386
589,5806
589,4500
589,8257
589,6043
589,5151
589,2702
589,3746
589,5152
589,7296
589,7698
589,4596
589,8864
589,5859
589,7385
589,6632
589,6633
589,5510
589,3328
589,6427
589,6428
589,3251
589,9462
589,3329
589,6217
589,8707
589,7895
589,7532
589,4964
589,4501
589,2703
589,6218
589,5517
589,2392
589,1299
589,5870
589,1199
589,7386
589,2226
589,1965
589,7716
589,8258
589,2704
589,7986
589,5847
589,2705
589,4111
589,2706
589,6634
589,9028
589,7987
589,7156
589,4723
589,6797
589,9029
589,9030
589,2393
589,8259
589,8260
589,6345
589,8261
589,5572
589,1200
589,5387
589,5590
589,4965
589,5388
589,8597
589,9463
589,5389
589,6798
589,2044
589,762
589,4163
589,870
589,3747
589,814
589,1300
589,9423
589,7533
589,3275
589,8262
589,1848
589,2227
589,7534
589,7535
589,7536
589,5087
589,6429
589,4112
589,5143
589,3252
589,5390
589,8263
589,4113
589,8515
589,8931
589,7537
589,6635
589,5283
589,5391
589,6219
589,5392
589,1201
589,5582
589,4533
589,2955
589,2045
589,7717
589,6298
589,2534
589,7538
589,5393
589,4705
589,2228
589,5394
589,7539
589,7540
589,9031
589,3185
589,8264
589,6636
589,4966
589,7759
589,8629
589,7100
589,6986
589,7988
589,5807
589,2956
589,6521
589,9263
589,7989
589,5979
589,5980
589,9464
589,6346
589,1062
589,7990
589,8557
589,9465
589,6637
589,6638
589,9466
589,9467
589,7991
589,6347
589,281
589,2229
589,3463
589,4114
589,7760
589,8265
589,3962
589,282
589,3166
589,8618
589,7118
589,8899
589,9032
589,4768
589,7228
589,8266
589,5395
589,8516
589,7229
589,7896
589,8619
589,6940
589,7761
589,7297
589,1126
589,6037
589,1850
589,8555
589,7718
589,5088
589,7992
589,2124
589,4164
589,9192
589,2542
589,1881
589,8630
589,8267
589,8268
589,8269
589,3649
589,5494
589,9619
589,5396
589,2771
589,3558
589,8639
589,7541
589,5397
589,6151
589,7897
589,8270
589,8900
589,7542
589,9326
589,6220
589,8271
589,7182
589,6739
589,8776
589,8777
589,849
589,5988
589,850
589,6299
589,5089
589,9468
589,6573
589,6221
589,9469
589,8272
589,3559
589,4967
589,3650
589,8273
589,6363
589,3186
589,4968
589,7543
589,4482
589,2751
589,6639
589,6348
589,8644
589,4277
589,4278
589,852
589,853
589,854
589,4769
589,7544
589,4969
589,3651
589,9556
589,855
589,1203
589,8841
589,1966
589,5518
589,4279
589,4565
589,7762
589,6799
589,283
589,9470
589,6711
589,5629
589,6640
589,9471
589,7804
589,2772
589,6800
589,1350
589,6349
589,6106
589,5171
589,4502
589,871
589,7370
589,2230
589,4970
589,9193
589,5618
589,6995
589,9566
589,3187
589,2231
589,872
589,6801
589,4838
589,9033
589,857
589,8274
589,6300
589,858
589,7545
589,4848
589,4849
589,1044
589,6722
589,7298
589,9472
589,7101
589,6931
589,2833
589,3518
589,7299
589,4770
589,8091
589,859
589,9473
589,766
589,4850
589,5153
589,7546
589,1205
589,4729
589,5398
589,241
589,860
589,5399
589,4503
589,5444
589,5172
589,3652
589,9567
589,4234
589,5871
589,3653
589,9194
589,1146
589,8275
589,7102
589,3253
589,6996
589,3254
589,6152
589,4235
589,8276
589,5927
589,7547
589,8850
589,7300
589,7548
589,3883
589,7549
589,5872
589,5400
589,8277
589,920
589,861
589,4483
589,4165
589,7694
589,5873
589,3068
589,3615
589,4236
589,5401
589,7301
589,8092
589,9327
589,5402
589,9474
589,956
589,4015
589,7550
589,6356
589,6362
589,8278
589,4836
589,9568
589,7302
589,8279
589,3140
589,8117
589,9475
589,9476
589,7183
589,7551
589,2293
589,8778
589,9328
589,6350
589,7303
589,3255
589,6443
589,4534
589,8932
589,7552
589,7195
589,1851
589,6121
589,8621
589,9299
589,8496
589,7661
589,6641
589,7184
589,873
589,1852
589,7368
589,7553
589,7554
589,8280
589,4237
589,1855
589,8281
589,8282
589,9477
589,4178
589,7304
589,4971
589,5874
589,4280
589,5403
589,3330
589,7555
589,6222
589,6740
589,7805
589,8283
589,9478
589,4115
589,9034
589,4172
589,7679
589,4972
589,3189
589,5404
589,7556
589,5405
589,3190
589,4116
589,6223
589,7557
589,7008
589,6268
589,8284
589,8285
589,8286
589,2103
589,3560
589,9479
589,284
589,2773
589,6741
589,2477
589,3561
589,8287
589,4973
589,3654
589,5139
589,4851
589,5173
589,6351
589,7009
589,5406
589,6642
589,874
589,9035
589,7558
589,7559
589,3562
589,3748
589,2740
589,8288
589,9195
589,9300
589,4974
589,7560
589,4117
589,5407
589,6997
589,1206
589,4166
589,8289
589,5808
589,4852
589,5981
589,5408
589,7561
589,3191
589,5848
589,4975
589,1207
589,3563
589,7763
589,3595
589,4535
589,3564
589,5776
589,7562
589,9036
589,3256
589,7563
589,7564
589,6643
589,5140
589,8528
589,5141
589,2957
589,5174
589,4118
589,6742
589,5409
589,3192
589,5002
589,6802
589,5410
589,5411
589,8290
589,6153
589,3655
589,5175
589,4566
589,5412
589,8901
589,7371
589,1857
589,7695
589,7696
589,7565
589,1127
589,1858
589,1301
589,7706
589,4167
589,5519
589,6154
589,2958
589,5875
589,4119
589,8292
589,9620
589,6224
589,5284
589,8293
589,3331
589,3193
589,4976
589,2104
589,8294
589,4120
589,8295
589,3749
589,6225
589,8296
589,7389
589,6701
589,5210
589,9480
589,2052
589,8933
589,8297
589,7764
589,5742
589,7765
589,2233
589,5211
589,4281
589,8298
589,5268
589,8517
589,1210
589,7566
589,7993
589,9481
589,7240
589,6694
589,6444
589,8299
589,7898
589,9329
589,3066
589,4121
589,5928
589,3722
589,7305
589,8093
589,6671
589,7119
589,7766
589,8300
589,4363
589,5154
589,4504
589,5212
589,3656
589,7567
589,1045
589,1882
589,9037
589,5090
589,7568
589,7767
589,8301
589,9482
589,7569
589,6897
589,4632
589,5849
589,3584
589,969
589,8302
589,8094
589,6998
589,7306
589,9264
589,876
589,3657
589,1072
589,5142
589,4994
589,3069
589,7570
589,8303
589,7571
589,1211
589,7572
589,3658
589,5413
589,2235
589,9483
589,6504
589,9038
589,6644
589,6226
589,7573
589,6705
589,3102
589,7574
589,3070
589,4633
589,3659
589,2478
589,5176
589,4329
589,4634
589,5414
589,5415
589,9484
589,7575
589,3884
589,1351
589,7307
589,9485
589,4238
589,4435
589,8304
589,7576
589,8902
589,8305
589,3660
589,9039
589,5416
589,3565
589,8306
589,3661
589,3602
589,3332
589,8594
589,7697
589,7577
589,7899
589,8307
589,3750
589,6577
589,9621
589,8308
589,2834
589,8095
589,7035
589,2294
589,8309
589,5876
589,7578
589,2237
589,2479
589,5003
589,4122
589,4567
589,5213
589,5850
589,7579
589,4123
589,9424
589,7580
589,6044
589,3464
589,6803
589,3257
589,4124
589,8851
589,3820
589,4282
589,9486
589,5417
589,2974
589,9293
589,3751
589,7103
589,7104
589,5091
589,2959
589,8310
589,5190
589,2499
589,2774
589,6227
589,8934
589,2775
589,8311
589,5929
589,4978
589,7581
589,9487
589,2295
589,4125
589,5418
589,3599
589,5247
589,5092
589,3662
589,3663
589,5419
589,7582
589,7806
589,9040
589,8903
589,3519
589,5851
589,7583
589,7584
589,3664
589,6645
589,6695
589,3333
589,2513
589,1212
589,7308
589,2046
589,9330
589,6155
589,6228
589,9265
589,7585
589,7586
589,2105
589,9041
589,8935
589,5778
589,4126
589,8312
589,3528
589,9042
589,4127
589,8631
589,7309
589,8699
589,3665
589,8894
589,3666
589,3258
589,3335
589,4436
589,6548
589,7768
589,2514
589,3667
589,2718
589,8313
589,8951
589,8314
589,8315
589,2106
589,4853
589,8096
589,7404
589,4283
589,8503
589,7587
589,9488
589,2852
589,2960
589,9301
589,8316
589,9489
589,2107
589,3566
589,7189
589,2961
589,6229
589,922
589,2238
589,7588
589,7769
589,8799
589,9490
589,9043
589,3942
589,1214
589,4979
589,7589
589,7590
589,6505
589,7591
589,7770
589,7592
589,2239
589,6542
589,7900
589,4128
589,8632
589,3719
589,6646
589,3259
589,285
589,7105
589,8317
589,290
589,6647
589,7593
589,3567
589,8518
589,5214
589,2108
589,3568
589,2728
589,9044
589,5677
589,5877
589,2872
589,2240
589,6230
589,6964
589,6522
589,923
589,6231
589,2962
589,3336
589,2963
589,5420
589,9045
589,7594
589,2241
589,7310
589,3668
589,3669
589,1215
589,7131
589,5421
589,9622
589,3337
589,6557
589,7595
589,7106
589,4749
589,957
589,8318
589,1967
589,8319
589,8320
589,7311
589,2109
589,8595
589,5422
589,8097
589,4437
589,5852
589,3338
589,8790
589,9196
589,3195
589,8098
589,2835
589,3670
589,1892
589,8321
589,3671
589,4980
589,5878
589,3616
589,2243
589,7596
589,3465
589,6850
589,3672
589,5879
589,9491
589,8322
589,4129
589,2020
589,8323
589,8099
589,8936
589,5423
589,8324
589,5424
589,9492
589,2245
589,2776
589,4635
589,4636
589,5425
589,3260
589,7312
589,8325
589,6126
589,8326
589,4284
589,4883
589,3122
589,2110
589,8327
589,7719
589,2246
589,8937
589,3261
589,2247
589,9046
589,6648
589,2964
589,3596
589,4016
589,2965
589,9047
589,2966
589,4750
589,2248
589,3339
589,8328
589,3262
589,6038
589,7720
589,1216
589,8329
589,8536
589,8549
589,3141
589,8938
589,6232
589,2249
589,6649
589,3263
589,3264
589,6650
589,8939
589,8940
589,7597
589,4239
589,9141
589,2873
589,9493
589,5426
589,2967
589,9048
589,5520
589,5177
589,3265
589,6107
589,9049
589,3266
589,8330
589,4241
589,8331
589,8332
589,8333
589,5215
589,8334
589,3466
589,8335
589,8336
589,5031
589,5178
589,8338
589,4009
589,8339
589,2777
589,2111
589,5216
589,7157
589,3753
589,9553
589,2112
589,8340
589,6743
589,6053
589,8341
589,8342
589,8343
589,5217
589,8344
589,5179
589,8345
589,8346
589,6999
589,8347
589,8348
589,3569
589,7313
589,5093
589,2250
589,7314
589,8349
589,8350
589,3821
589,4487
589,4638
589,1128
589,7395
589,7771
589,7315
589,5853
589,7107
589,5542
589,8875
589,5094
589,9050
589,9494
589,8941
589,7000
589,7316
589,6233
589,4130
589,2021
589,8683
589,5218
589,7026
589,2113
589,6744
589,9051
589,4639
589,3267
589,9495
589,3539
589,7398
589,2853
589,3340
589,4724
589,3196
589,8351
589,3673
589,878
589,5880
589,879
589,4017
589,880
589,775
589,2404
589,3822
589,3570
589,7807
589,2719
589,7222
589,3197
589,2968
589,5219
589,7598
589,3823
589,8352
589,8800
589,881
589,4885
589,2749
589,2515
589,7599
589,7600
589,8353
589,7001
589,7002
589,6804
589,8100
589,1393
589,6702
589,924
589,8354
589,9052
589,7721
589,7601
589,5269
589,1073
589,925
589,9569
589,7317
589,2778
589,7372
589,3754
589,8355
589,8356
589,5220
589,5782
589,8357
589,6696
589,8358
589,5221
589,8359
589,4505
589,6234
589,3571
589,3198
589,6235
589,3885
589,6745
589,5222
589,7772
589,2779
589,7602
589,7603
589,1046
589,5004
589,3341
589,5881
589,5882
589,5186
589,8952
589,5883
589,5884
589,2251
589,5427
589,4751
589,8679
589,6558
589,6651
589,4506
589,4364
589,9496
589,882
589,2707
589,3755
589,5428
589,7318
589,5223
589,6165
589,7108
589,6703
589,7699
589,9053
589,4131
589,7132
589,3723
589,7604
589,5005
589,1218
589,1219
589,5748
589,3342
589,6236
589,1220
589,5034
589,8360
589,2780
589,7319
589,5156
589,8497
589,7320
589,8562
589,7605
589,9497
589,8942
589,3343
589,4285
589,7606
589,8904
589,1968
589,5429
589,5430
589,8361
589,3199
589,1129
589,6237
589,7607
589,5224
589,6238
589,5225
589,4286
589,7773
589,883
589,5885
589,9557
589,2405
589,4242
589,3756
589,8362
589,4757
589,8815
589,6805
589,3143
589,7608
589,7322
589,8895
589,2781
589,3200
589,4640
589,8363
589,9266
589,3572
589,6578
589,4507
589,5886
589,3886
589,9054
589,2516
589,776
589,9425
589,5854
589,5431
589,7323
589,884
589,7901
589,3344
589,8590
589,8754
589,6746
589,6506
589,7994
589,8633
589,8364
589,3824
589,2252
589,1148
589,927
589,6023
589,9498
589,4132
589,3269
589,9671
589,3825
589,2296
589,8122
589,9702
589,1969
589,3345
589,8365
589,4133
589,9570
589,9703
589,6156
589,3346
589,1922
589,3781
589,8366
589,8367
589,7324
589,8368
589,2114
589,5180
589,8953
589,7325
589,8369
589,6430
589,8101
589,3270
589,3826
589,9302
589,6652
589,7010
589,6239
589,3271
589,2297
589,2253
589,4134
589,1970
589,6898
589,9055
589,3598
589,8806
589,5432
589,3103
589,2782
589,1886
589,8370
589,9056
589,8371
589,2254
589,9057
589,6653
589,8640
589,8372
589,8373
589,8374
589,6467
589,8837
589,6539
589,8375
589,5226
589,8634
589,6357
589,1302
589,8943
589,3201
589,7326
589,2783
589,7327
589,1222
589,8583
589,7109
589,2969
589,7059
589,4886
589,4403
589,3272
589,8102
589,1352
589,8376
589,4854
589,6654
589,8944
589,1923
589,1303
589,8103
589,1304
589,8377
589,4641
589,2735
589,4135
589,6934
589,5634
589,5635
589,5636
589,9142
589,4512
589,6157
589,8060
589,7003
589,8378
589,8379
589,8560
589,8380
589,8381
589,8382
589,7110
589,8383
589,8384
589,5672
589,2255
589,2256
589,1223
589,5521
589,6240
589,6241
589,7144
589,7145
589,7808
589,9331
589,4637
589,895
589,2874
589,6163
589,8386
589,8387
589,2257
589,8388
589,3573
589,8635
589,6242
589,7328
589,8389
589,6054
589,6880
589,286
589,8390
589,5463
589,4438
589,4018
589,9499
589,2875
589,8104
589,3123
589,2115
589,6945
589,6507
589,6496
589,5638
589,3202
589,2116
589,5157
589,7329
589,7004
589,7330
589,7331
589,7005
589,6697
589,8391
589,7332
589,4771
589,6269
589,1305
589,3371
589,8563
589,4019
589,5522
589,6747
589,5982
589,5523
589,3203
589,2970
589,9571
589,7995
589,9058
589,7333
589,9059
589,287
589,7334
589,5181
589,2258
589,6158
589,2117
589,3204
589,6159
589,4136
589,8392
589,3273
589,4287
589,7902
589,4642
589,4288
589,9197
589,8945
589,5433
589,9060
589,5784
589,9061
589,4643
589,8393
589,5248
589,9303
589,8977
589,5930
589,3963
589,8905
589,3205
589,8394
589,4489
589,1224
589,8946
589,7609
589,4984
589,8395
589,8498
589,5095
589,8519
589,2259
589,7903
589,7774
589,7775
589,7111
589,6559
589,9623
589,6243
589,2784
589,8787
589,4137
589,8396
589,3574
589,2785
589,3274
589,6655
589,2876
589,5931
589,3575
589,1353
589,958
589,6771
589,7335
589,8831
589,6748
589,8398
589,3372
589,1971
589,3782
589,7336
589,7337
589,4289
589,7359
589,4985
589,9624
589,777
589,6244
589,2118
589,8399
589,2786
589,8906
589,1972
589,3757
589,7338
589,7904
589,6245
589,9536
589,2787
589,4752
589,6540
589,8686
589,4138
589,8529
589,8718
589,7339
589,9198
589,8400
589,3827
589,7340
589,3887
589,8401
589,8402
589,1372
589,7041
589,1924
589,6024
589,8403
589,8832
589,8404
589,7680
589,8405
589,5646
589,3576
589,3577
589,9625
589,7996
589,6851
589,4330
589,1225
589,5187
589,5809
589,5785
589,3347
589,5887
589,2119
589,2752
589,3758
589,780
589,8406
589,4644
589,2260
589,2788
589,9062
589,8407
589,6468
589,8408
589,7212
589,9332
589,9500
589,959
589,4536
589,9333
589,6656
589,7006
589,8409
589,9334
589,8410
589,9063
589,4139
589,8907
589,9704
589,8411
589,7776
589,8412
589,8413
589,9501
589,9502
589,8414
589,8415
589,8416
589,8417
589,8418
589,2047
589,8419
589,4214
589,8833
589,252
589,8420
589,8421
589,6560
589,6749
589,4020
589,8422
589,8423
589,2261
589,8908
589,2262
589,9064
589,4140
589,8424
589,6657
589,4141
589,4290
589,7341
589,897
589,8425
589,8426
589,7133
589,781
589,5888
589,4508
589,5583
589,887
589,8427
589,6164
589,1354
589,6301
589,7342
589,6806
589,9199
589,3964
589,5445
589,2022
589,5096
589,2854
589,1887
589,8428
589,7681
589,6246
589,7905
589,7036
589,4142
589,5525
589,9705
589,8690
589,7610
589,7700
589,8429
589,8556
589,7343
589,5227
589,9503
589,3276
589,3277
589,5526
589,5228
589,7112
589,8430
589,1973
589,5097
589,1974
589,1975
589,8431
589,3468
589,8105
589,2877
589,2048
589,2971
589,3888
589,5861
589,8531
589,2263
589,4291
589,4891
589,1226
589,4243
589,3206
589,2023
589,8432
589,4292
589,7196
589,784
589,9558
589,7344
589,8828
589,3348
589,8433
589,9504
589,7726
589,6807
589,3086
589,5229
589,4645
589,1976
589,8434
589,8435
589,9505
589,8436
589,5230
589,9065
589,6750
589,8947
589,8437
589,4439
589,7390
589,4537
589,7777
589,4440
589,4441
589,7042
589,4442
589,6751
589,4443
589,3124
589,8438
589,8439
589,9066
589,7623
589,6353
589,8440
589,8662
589,8441
589,8442
589,8443
589,3349
589,7722
589,785
589,1227
589,4804
589,7997
589,9304
589,4331
589,3207
589,4244
589,4444
589,235
589,5889
589,8909
589,3373
589,3578
589,3374
589,3828
589,786
589,8444
589,2264
589,8445
589,5619
589,5006
589,5890
589,6247
589,3208
589,5584
589,9626
589,5891
589,5892
589,960
589,3579
589,9572
589,2024
589,8910
589,8106
589,7360
589,4365
589,9143
589,5231
589,3351
589,787
589,3352
589,5464
589,888
589,788
589,3146
589,8446
589,2789
589,5749
589,8636
589,9067
589,6248
589,789
589,790
589,3353
589,5188
589,5894
589,2266
589,7611
589,5895
589,1228
589,5896
589,7612
589,8447
589,8448
589,928
589,6523
589,242
589,3965
589,2790
589,9506
589,9068
589,2267
589,8449
589,5897
589,8450
589,9588
589,6581
589,1888
589,3354
589,5232
589,791
589,1229
589,2268
589,7613
589,5753
589,7614
589,8451
589,3375
589,792
589,793
589,6431
589,4445
589,9507
589,2720
589,6249
589,3355
589,889
589,796
589,4404
589,3469
589,4855
589,2791
589,1306
589,2269
589,3760
589,8452
589,2517
589,2270
589,2271
589,798
589,3356
589,4446
589,8453
589,8454
589,8141
589,4538
589,7037
589,5932
589,9069
589,6658
589,5233
589,6719
589,4293
589,5673
589,3720
589,5786
589,2836
589,7197
589,970
589,7198
589,8142
589,3104
589,7199
589,3783
589,3966
589,4447
589,6549
589,6881
589,2300
589,3105
589,2741
589,4366
589,4367
589,4368
589,3520
589,3470
589,9672
589,8601
589,9673
589,1977
589,3829
589,6302
589,8816
589,9674
589,9200
589,3830
589,7998
589,2742
589,4332
589,4405
589,9706
589,7158
589,1373
589,5441
589,2053
589,2025
589,2301
589,4513
589,4995
589,5249
589,3784
589,5250
589,3376
589,1307
589,6808
589,3725
589,2837
589,5653
589,5036
589,6303
589,4791
589,6550
589,6899
589,7662
589,7663
589,6524
589,5465
589,7906
589,6772
589,3967
589,3471
589,1308
589,4021
589,4646
589,7185
589,4314
589,8584
589,6900
589,7999
589,9675
589,2036
589,3968
589,8672
589,6901
589,3969
589,4448
589,4449
589,6270
589,1355
589,6568
589,3970
589,7907
589,2743
589,3889
589,6108
589,6435
589,6142
589,8501
589,7908
589,6882
589,7060
589,9267
589,4450
589,6883
589,3890
589,8000
589,4451
589,9305
589,9268
589,7116
589,9144
589,4333
589,7624
589,1978
589,9627
589,2855
589,3619
589,3216
589,9145
589,9201
589,7909
589,5631
589,1979
589,9269
589,8897
589,8070
589,4725
589,3377
589,2975
589,3785
589,5933
589,4996
589,5934
589,7394
589,3378
589,8479
589,3786
589,9335
589,8973
589,3125
589,6122
589,4452
589,9146
589,9147
589,4647
589,3126
589,2878
589,4369
589,7809
589,3521
589,6055
589,7810
589,7910
589,2879
589,9707
589,4805
589,8001
589,4706
589,9202
589,7911
589,4370
589,2736
589,3971
589,4772
589,3972
589,7186
589,9203
589,6809
589,9589
589,6525
589,1309
589,9628
589,1925
589,2880
589,8480
589,3973
589,8865
589,3831
589,7204
589,1374
589,6109
589,2302
589,1980
589,6810
589,1310
589,5466
589,1981
589,3891
589,4692
589,9148
589,4371
589,6973
589,6436
589,4453
589,1311
589,9708
589,6110
589,4406
589,4407
589,4408
589,4409
589,3522
589,3974
589,4410
589,3832
589,4411
589,9347
589,6271
589,5935
589,7786
589,5251
589,8794
589,6974
589,4022
589,3975
589,8123
589,3874
589,7912
589,6852
589,7913
589,9336
589,2881
589,9149
589,5683
589,8755
589,8645
589,3892
589,7725
589,4412
589,4648
589,8957
589,4568
589,8749
589,7914
589,2856
589,8791
589,7915
589,6127
589,4758
589,7916
589,961
589,5678
589,6853
589,6437
589,7917
589,3976
589,5191
589,9150
589,7625
589,8524
589,4997
589,3116
589,5937
589,2303
589,2304
589,8809
589,5938
589,2305
589,3529
589,253
589,6811
589,8719
589,3472
589,7652
589,3379
589,7146
589,1249
589,7061
589,1982
589,5446
589,3893
589,9709
589,7237
589,4372
589,4806
589,4597
589,8002
589,5679
589,6586
589,6111
589,3977
589,2857
589,6971
589,4807
589,1375
589,1983
589,9537
589,3508
589,2306
589,8525
589,1251
589,8866
589,2307
589,4808
589,4454
589,8810
589,3127
589,2026
589,9151
589,9152
589,9153
589,3978
589,8795
589,9710
589,2858
589,9538
589,4707
589,5447
589,6561
589,4455
589,962
589,4456
589,1984
589,4457
589,6530
589,4458
589,8852
589,4459
589,5939
589,4998
589,5467
589,8550
589,6967
589,2882
589,6812
589,6854
589,9204
589,8551
589,4196
589,6813
589,6123
589,7403
589,4649
589,8481
589,5468
589,3979
589,1252
589,1074
589,2883
589,6909
589,1985
589,6304
589,9590
589,5192
589,2884
589,6131
589,2885
589,2886
589,8817
589,7811
589,7361
589,2859
589,4197
589,2887
589,243
589,2860
589,4858
589,8003
589,3380
589,2888
589,8547
589,2803
589,3980
589,5940
589,9676
589,9677
589,7362
589,2308
589,6112
589,3787
589,3788
589,3381
589,1312
589,4792
589,6113
589,6272
589,4514
589,9154
589,3789
589,6723
589,7363
589,7028
589,6056
589,3833
589,6134
589,6773
589,3585
589,9205
589,2027
589,7374
589,8004
589,8005
589,2994
589,4515
589,2485
589,8978
589,9270
589,1986
589,5644
589,5857
589,1394
589,7159
589,3156
589,4373
589,3117
589,9678
589,6116
589,7626
589,6117
589,8853
589,929
589,7205
589,7918
589,5271
589,5252
589,1086
589,4730
589,5593
589,8006
589,8564
589,7919
589,9629
589,4569
589,4741
589,9630
589,8007
589,4247
589,4708
589,9155
589,4709
589,4413
589,5941
589,5585
589,9679
589,3509
589,6884
589,4570
589,4571
589,8613
589,3981
589,4650
589,7812
589,6057
589,6305
589,7920
589,2136
589,7055
589,6058
589,5985
589,3087
589,8701
589,8702
589,4793
589,8876
589,7813
589,7664
589,6273
589,3834
589,8112
589,8576
589,4539
589,3382
589,4759
589,4540
589,5942
589,4773
589,8818
589,3620
589,3383
589,7703
589,7056
589,3128
589,5009
589,4023
589,2861
589,1987
589,3621
589,6885
589,3894
589,7627
589,9156
589,2309
589,5943
589,2862
589,2976
589,818
589,1897
589,6977
589,3473
589,1313
589,3384
589,3385
589,3151
589,819
589,1133
589,5144
589,4024
589,8577
589,3530
589,5272
589,3106
589,1356
589,6114
589,4572
589,8792
589,3835
589,9631
589,7200
589,1926
589,2804
589,1376
589,6910
589,3982
589,3386
589,3474
589,2721
589,8008
589,9157
589,8504
589,930
589,9680
589,8674
589,2805
589,6814
589,1988
589,4374
589,3790
589,4025
589,2535
589,5983
589,7921
589,7922
589,6886
589,9206
589,2838
589,1989
589,5469
589,9306
589,1075
589,8592
589,8684
589,5626
589,1990
589,9271
589,7923
589,8965
589,6855
589,3475
589,4598
589,6815
589,1991
589,8009
589,3387
589,931
589,5754
589,4700
589,7628
589,244
589,1927
589,9158
589,4173
589,8966
589,2536
589,8010
589,8011
589,1928
589,8731
589,2813
589,963
589,2729
589,6551
589,7814
589,6306
589,1395
589,1314
589,8565
589,6115
589,5037
589,7629
589,4334
589,5543
589,9159
589,1255
589,3088
589,1992
589,4740
589,1993
589,1357
589,3814
589,4541
589,9345
589,4737
589,6574
589,4026
589,2310
589,9632
589,2537
589,7924
589,8566
589,7364
589,6887
589,8552
589,4774
589,9272
589,1358
589,4198
589,7815
589,1315
589,6531
589,8012
589,5755
589,8113
589,2806
589,7215
589,5470
589,1359
589,7673
589,3531
589,3836
589,5032
589,7230
589,1316
589,1317
589,3388
589,4573
589,6438
589,236
589,1898
589,5253
589,2054
589,7088
589,4734
589,1377
589,5990
589,254
589,1076
589,8593
589,5471
589,4999
589,8724
589,9337
589,4794
589,9633
589,7816
589,6569
589,3510
589,7147
589,9207
589,3837
589,7817
589,3983
589,9681
589,1257
589,9539
589,7925
589,4651
589,3532
589,6045
589,6439
589,2737
589,6562
589,9208
589,1077
589,9634
589,4710
589,4335
589,5273
589,6563
589,4542
589,6532
589,5193
589,9419
589,9635
589,1929
589,6954
589,7654
589,9307
589,2722
589,9308
589,6774
589,1318
589,7365
589,7818
589,1258
589,8811
589,3511
589,2744
589,9540
589,4460
589,8979
589,1899
589,3622
589,2127
589,9682
589,7065
589,4516
589,2312
589,8526
589,9711
589,7926
589,4801
589,6361
589,8567
589,7927
589,4414
589,1152
589,6816
589,3895
589,6143
589,9160
589,245
589,4415
589,3791
589,3792
589,964
589,7187
589,8967
589,5472
589,9541
589,9683
589,932
589,8568
589,6817
589,9161
589,4199
589,6476
589,6046
589,6856
589,7928
589,4251
589,4200
589,6552
589,2839
589,3533
589,6028
589,965
589,7929
589,2313
589,6118
589,3896
589,3089
589,9591
589,3984
589,6440
589,7216
589,3838
589,3389
589,3390
589,7120
589,9338
589,7930
589,1900
589,3391
589,6775
589,2889
589,9712
589,9684
589,9542
589,5674
589,3074
589,8783
589,7201
589,4461
589,3623
589,6902
589,8602
589,7062
589,6471
589,6307
589,4859
589,8819
589,3476
589,6059
589,7819
589,7707
589,246
589,4027
589,6672
589,6947
589,9592
589,5944
589,8854
589,6029
589,3107
589,9543
589,9685
589,2814
589,7787
589,8987
589,1049
589,9273
589,7630
589,3839
589,4517
589,2314
589,9686
589,3129
589,3392
589,2745
589,4652
589,5654
589,5627
589,8694
589,3985
589,8013
589,2315
589,4201
589,6720
589,5254
589,3512
589,6441
589,8877
589,6818
589,8014
589,5665
589,1930
589,6935
589,7931
589,9687
589,6673
589,3793
589,255
589,1360
589,3534
589,7631
589,8596
589,9274
589,5255
589,5945
589,7217
589,8788
589,5038
589,6776
589,1994
589,4711
589,3794
589,3624
589,2012
589,8878
589,6674
589,3986
589,5027
589,3393
589,3586
589,6888
589,6564
589,8988
589,8482
589,8131
589,8879
589,7029
589,5984
589,5630
589,3130
589,9636
589,3603
589,3840
589,1050
589,821
589,2815
589,1931
589,2840
589,4809
589,8855
589,4315
589,2977
589,2317
589,4653
589,6135
589,4416
589,8842
589,4417
589,7063
589,5666
589,7665
589,4418
589,3795
589,4419
589,4420
589,822
589,3796
589,4739
589,933
589,6013
589,8856
589,1319
589,4421
589,9209
589,4422
589,1396
589,4423
589,4202
589,5815
589,7932
589,5655
589,5656
589,5657
589,5658
589,5659
589,934
589,5660
589,935
589,5661
589,8857
589,3987
589,9162
589,3108
589,3075
589,7632
589,9688
589,3477
589,3109
589,8578
589,1153
589,9689
589,7231
589,7820
589,8652
589,4654
589,5946
589,5473
589,3495
589,4712
589,5544
589,2318
589,3625
589,3394
589,5947
589,7633
589,1995
589,5948
589,6060
589,825
589,6857
589,6675
589,8603
589,7821
589,7822
589,6544
589,9713
589,9714
589,8820
589,5256
589,7933
589,4518
589,936
589,3110
589,6032
589,5474
589,1934
589,8505
589,5000
589,8553
589,3897
589,4735
589,9637
589,6968
589,1078
589,7934
589,3988
589,7935
589,7218
589,3076
589,8483
589,2841
589,3111
589,7936
589,7788
589,3090
589,6477
589,1397
589,937
589,3797
589,7823
589,9210
589,3395
589,5949
589,2320
589,826
589,9715
589,7066
589,9638
589,6721
589,5001
589,5475
589,5476
589,8843
589,6777
589,5545
589,8796
589,7634
589,2321
589,1996
589,7160
589,4028
589,9639
589,2730
589,7219
589,5950
589,2538
589,7789
589,4655
589,2816
589,1997
589,4543
589,3841
589,8118
589,6889
589,6579
589,8826
589,3112
589,6274
589,5951
589,8484
589,256
589,8015
589,1901
589,9690
589,9339
589,3587
589,9275
589,8016
589,7655
589,9211
589,1378
589,3989
589,1998
589,5477
589,4599
589,9544
589,9545
589,8695
589,5274
589,3478
589,6570
589,2028
589,8017
589,3726
589,6972
589,6275
589,2323
589,5952
589,3990
589,8664
589,9276
589,8485
589,8797
589,1320
589,6119
589,4656
589,6876
589,3513
589,3091
589,6533
589,7824
589,6511
589,3798
589,9277
589,8980
589,4600
589,3396
589,7937
589,5451
589,8124
589,3397
589,9716
589,8720
589,3398
589,7635
589,2983
589,8599
589,5953
589,6276
589,5594
589,3077
589,3399
589,5628
589,4810
589,4760
589,4811
589,6030
589,7671
589,1052
589,4375
589,7938
589,7939
589,4185
589,5954
589,8829
589,8575
589,6858
589,8725
589,3799
589,8712
589,8646
589,9212
589,6582
589,3479
589,6047
589,3991
589,3992
589,3540
589,6819
589,2029
589,2324
589,5955
589,1902
589,3078
589,5858
589,6277
589,2863
589,8726
589,3842
589,3800
589,6778
589,3898
589,8727
589,3843
589,3899
589,1918
589,3993
589,6820
589,4029
589,4030
589,4031
589,2325
589,1361
589,3994
589,4215
589,3900
589,8018
589,1362
589,8019
589,7940
589,9546
589,7232
589,1260
589,2539
589,1063
589,4336
589,9278
589,5956
589,5442
589,3626
589,9279
589,4574
589,7941
589,2326
589,6936
589,3844
589,6278
589,6821
589,4812
589,1261
589,9163
589,5639
589,7202
589,7942
589,8838
589,3901
589,3801
589,8614
589,4813
589,938
589,7659
589,1321
589,1363
589,3131
589,7161
589,8653
589,5647
589,4032
589,9593
589,4657
589,7636
589,5957
589,900
589,3400
589,8981
589,3845
589,5680
589,9213
589,8569
589,4394
589,6859
589,1999
589,3627
589,901
589,6526
589,6061
589,3401
589,9560
589,4376
589,5257
589,7148
589,7825
589,4795
589,2723
589,5958
589,5959
589,5258
589,5991
589,6822
589,8867
589,7943
589,2748
589,2000
589,6860
589,4713
589,3480
589,6861
589,7121
589,2001
589,2328
589,2002
589,4337
589,8604
589,9280
589,8020
589,5648
589,4658
589,8132
589,4396
589,4659
589,6062
589,3846
589,7826
589,4775
589,1064
589,6587
589,9340
589,2329
589,1379
589,2985
589,8133
589,1084
589,3995
589,4702
589,4544
589,7827
589,7220
589,5960
589,6063
589,5662
589,7637
589,8021
589,6862
589,2003
589,4727
589,2330
589,9691
589,8858
589,2738
589,4714
589,5448
589,6064
589,6676
589,2004
589,6890
589,8721
589,6823
589,3404
589,7366
589,1935
589,8722
589,3847
589,3132
589,9692
589,4338
589,8982
589,7049
589,5860
589,7011
589,1322
589,4545
589,1262
589,7674
589,3628
589,4377
589,7828
589,4252
589,7367
589,7406
589,1065
589,5986
589,7638
589,9214
589,8732
589,5259
589,5961
589,7944
589,5863
589,7639
589,1903
589,3902
589,6065
589,9281
589,3405
589,7640
589,7945
589,7946
589,5681
589,9594
589,5478
589,6677
589,2807
589,4660
589,4661
589,7149
589,2331
589,3588
589,4339
589,1904
589,3406
589,7947
589,5667
589,3903
589,3152
589,2525
589,8125
589,8022
589,3481
589,8023
589,6553
589,9164
589,7039
589,2817
589,3904
589,3848
589,5028
589,1905
589,2332
589,5962
589,1264
589,8713
589,8714
589,9165
589,4814
589,3113
589,9166
589,6014
589,7948
589,6565
589,6903
589,9309
589,6124
589,4662
589,8024
589,8570
589,4203
589,6863
589,8974
589,8025
589,7829
589,3953
589,4033
589,7949
589,3802
589,3849
589,4340
589,3905
589,1936
589,1265
589,1906
589,7206
589,3906
589,6864
589,8026
589,4378
589,3803
589,3907
589,4379
589,1364
589,9552
589,5685
589,8868
589,9190
589,7950
589,4815
589,4575
589,3133
589,1323
589,3407
589,3541
589,8027
589,7641
589,4380
589,9167
589,7790
589,2864
589,6034
589,3514
589,7951
589,1266
589,4424
589,4248
589,6279
589,6824
589,8028
589,9310
589,6825
589,9215
589,2056
589,3157
589,3482
589,6066
589,3850
589,7952
589,2333
589,4341
589,1324
589,5479
589,6779
589,247
589,3804
589,4342
589,9216
589,2005
589,3483
589,966
589,4576
589,2006
589,5649
589,8134
589,9282
589,5275
589,4034
589,8675
589,3158
589,8869
589,6891
589,8870
589,1087
589,7238
589,1088
589,4816
589,939
589,8029
589,4817
589,8030
589,7791
589,7830
589,8654
589,1325
589,7190
589,5039
589,6780
589,2724
589,7675
589,7885
589,8655
589,8486
589,8983
589,4776
589,6678
589,5632
589,3134
589,8656
589,5035
589,6679
589,4818
589,2709
589,1268
589,3408
589,2526
589,4204
589,6358
589,1398
589,3484
589,6067
589,9717
589,9217
589,1326
589,2131
589,3409
589,7953
589,3410
589,2991
589,9218
589,3092
589,6826
589,3908
589,6781
589,4147
589,6068
589,5963
589,3153
589,7050
589,1269
589,9168
589,1907
589,3411
589,4425
589,9283
589,6782
589,8031
589,6125
589,5622
589,8657
589,8126
589,5669
589,4205
589,2007
589,9219
589,940
589,1327
589,5670
589,2057
589,6575
589,7122
589,6069
589,6827
589,2409
589,8685
589,4381
589,8784
589,8571
589,6280
589,3093
589,4819
589,6828
589,9420
589,4546
589,3523
589,4519
589,3412
589,2335
589,6512
589,1937
589,6472
589,4547
589,8871
589,5756
589,9662
589,7642
589,4249
589,6281
589,7012
589,9663
589,8561
589,3413
589,6829
589,9169
589,9595
589,1079
589,9311
589,6513
589,4382
589,2336
589,2337
589,2987
589,7407
589,5757
589,9170
589,3414
589,9171
589,3851
589,9596
589,3589
589,8487
589,2338
589,3996
589,4383
589,2339
589,4548
589,4715
589,2527
589,7954
589,3997
589,7831
589,7643
589,3415
589,2340
589,1270
589,8114
589,7087
589,3416
589,9220
589,9172
589,9173
589,6865
589,3417
589,5864
589,4520
589,7955
589,7644
589,3418
589,7207
589,4521
589,6033
589,3805
589,8691
589,6680
589,2341
589,1272
589,3909
589,4761
589,2519
589,3420
589,1273
589,9284
589,5758
589,7792
589,3852
589,1328
589,4206
589,1938
589,1329
589,2342
589,1330
589,8968
589,5102
589,941
589,7017
589,3676
589,3590
589,5688
589,4343
589,3910
589,9597
589,8665
589,9285
589,7018
589,8658
589,6536
589,5865
589,7013
589,9640
589,3911
589,8673
589,3600
589,4344
589,7223
589,8736
589,6878
589,3421
589,6866
589,6140
589,1939
589,6537
589,8537
589,8488
589,4736
589,6724
589,2343
589,6681
589,7162
589,8032
589,3515
589,3912
589,9547
589,3913
589,3591
589,9221
589,3422
589,4577
589,4578
589,8958
589,5826
589,4522
589,7832
589,2344
589,9222
589,6070
589,3914
589,8735
589,8659
589,1940
589,3853
589,5964
589,6682
589,6282
589,3854
589,9174
589,942
589,3855
589,7657
589,4316
589,2818
589,2345
589,3423
589,5759
589,7019
589,8138
589,2059
589,1053
589,5260
589,4579
589,6071
589,3915
589,3424
589,7020
589,6830
589,8079
589,5586
589,6072
589,8586
589,9641
589,9223
589,3485
589,8119
589,9548
589,3425
589,3426
589,6554
589,903
589,3427
589,8896
589,4777
589,7708
589,2137
589,9642
589,2138
589,3135
589,7833
589,3916
589,8489
589,7834
589,2346
589,2347
589,7051
589,9598
589,7835
589,8135
589,7836
589,8798
589,3486
589,8859
589,5025
589,3094
589,9286
589,1275
589,4820
589,1908
589,2060
589,2988
589,4523
589,7676
589,5686
589,8538
589,7117
589,1380
589,6965
589,9287
589,7645
589,8605
589,5640
589,2348
589,2520
589,904
589,7956
589,1066
589,7067
589,3159
589,2528
589,7021
589,248
589,5276
589,8033
589,9643
589,6073
589,9288
589,9224
589,3095
589,8136
589,3856
589,3160
589,3592
589,5277
589,6831
589,4317
589,4601
589,2890
589,5587
589,5684
589,3998
589,6074
589,2015
589,5965
589,257
589,6580
589,1080
589,8860
589,4796
589,8034
589,1365
589,2008
589,2842
589,1366
589,7233
589,2128
589,1081
589,5449
589,2134
589,2135
589,1367
589,1368
589,1082
589,1083
589,1369
589,7957
589,9599
589,8035
589,6892
589,9225
589,6832
589,1941
589,9175
589,8839
589,4318
589,4602
589,7068
589,4186
589,5966
589,1276
589,2979
589,6283
589,7837
589,6969
589,7022
589,8036
589,6833
589,6904
589,7666
589,6527
589,8143
589,4778
589,9600
589,3629
589,1277
589,9226
589,6075
589,4580
589,1278
589,6076
589,5682
589,3630
589,7023
589,3999
589,8660
589,2819
589,8821
589,6834
589,6905
589,6077
589,6783
589,9289
589,3487
589,1331
589,7163
589,7014
589,6835
589,5278
589,6284
589,3857
589,3428
589,7838
589,7839
589,6956
589,2820
589,6836
589,5282
589,5650
589,1909
589,6957
589,8606
589,905
589,4821
589,3429
589,4822
589,8539
589,3096
589,5967
589,3430
589,6031
589,4207
589,3594
589,4524
589,3431
589,6848
589,7677
589,9227
589,8115
589,3880
589,9257
589,8037
589,5480
589,6683
589,3806
589,2349
589,1279
589,8715
589,1280
589,4762
589,8872
589,3677
589,2865
589,4603
589,9176
589,6132
589,3506
589,6359
589,6906
589,6048
589,2821
589,5623
589,943
589,3432
589,7793
589,4208
589,6528
589,9312
589,6784
589,8038
589,7150
589,3535
589,6583
589,4319
589,9644
589,5668
589,4000
589,6975
589,7030
589,4345
589,8607
589,7840
589,5234
589,5235
589,8455
589,8456
589,8457
589,8458
589,5236
589,5787
589,8834
589,4320
589,4549
589,5527
589,7693
589,8459
589,5237
589,8608
589,9508
589,8723
589,3858
589,8460
589,5238
589,9509
589,7615
589,5788
589,8461
589,3859
589,5239
589,5968
589,8462
589,8463
589,8137
589,8666
589,6698
589,3761
589,6514
589,7345
589,9342
589,5240
589,9343
589,8464
589,4779
589,4245
589,8465
589,9510
589,9344
589,5816
589,1332
589,8466
589,8572
589,7113
589,8467
589,7346
589,1067
589,3917
589,249
589,8468
589,8469
589,1942
589,7347
589,6752
589,1333
589,9549
589,2292
589,2350
589,9228
589,9511
589,6515
589,1381
589,1382
589,6753
589,8039
589,7348
589,9601
589,6754
589,8040
589,3433
589,6755
589,6966
589,5158
589,4294
589,4887
589,6078
589,5817
589,1943
589,7046
589,3918
589,8041
589,6285
589,5969
589,7646
589,5559
589,4209
589,5529
589,250
589,7349
589,7224
589,8042
589,3860
589,5159
589,6659
589,4210
589,9070
589,7391
589,4295
589,7350
589,7841
589,4780
589,2848
589,6756
589,9071
589,9573
589,4488
589,4986
589,9072
589,8642
589,3762
589,3763
589,9073
589,9602
589,8043
589,4187
589,9603
589,4001
589,6757
589,7351
589,4296
589,4297
589,4604
589,6250
589,5812
589,9177
589,6543
589,2351
589,6837
589,4188
589,2792
589,8785
589,3764
589,8044
589,7647
589,9074
589,9075
589,5452
589,7352
589,6555
589,8779
589,5098
589,6758
589,5810
589,6838
589,2793
589,8687
589,4890
589,8045
589,7842
589,1889
589,2891
589,9076
589,4298
589,3580
589,6955
589,8540
589,8803
589,3434
589,8107
589,8046
589,2352
589,9346
589,9077
589,6129
589,6958
589,6959
589,7031
589,6960
589,5789
589,4525
589,6961
589,6962
589,6963
589,7779
589,9574
589,9512
589,9575
589,7843
589,9576
589,288
589,4781
589,9078
589,2794
589,3765
589,3631
589,4211
589,6079
589,1230
589,9229
589,3435
589,9079
589,7780
589,3115
589,9080
589,4299
589,7052
589,6080
589,3436
589,6251
589,9577
589,3209
589,9081
589,2822
589,7024
589,6252
589,6130
589,9513
589,6941
589,7683
589,2980
589,9082
589,9083
589,9084
589,8989
589,6867
589,2406
589,6907
589,7958
589,1334
589,9085
589,6946
589,906
589,9086
589,9178
589,3581
589,7134
589,4300
589,9087
589,9088
589,9514
589,9578
589,2480
589,9089
589,2353
589,9090
589,4605
589,6253
589,9091
589,7392
589,3766
589,2272
589,907
589,6473
589,1912
589,4301
589,7844
589,3437
589,9092
589,2972
589,4753
589,6039
589,7682
589,7353
589,2273
589,9093
589,8844
589,7781
589,9094
589,4002
589,6445
589,6970
589,3357
589,6759
589,4803
589,8835
589,1371
589,944
589,9095
589,4550
589,2407
589,5811
589,3079
589,6254
589,9096
589,8836
589,9097
589,2274
589,8663
589,7213
589,7214
589,9230
589,4856
589,9515
589,3358
589,8959
589,9098
589,8470
589,6660
589,9313
589,9516
589,9099
589,7399
589,2275
589,7709
589,8911
589,9100
589,5624
589,8108
589,5530
589,4302
589,9101
589,6576
589,9102
589,4987
589,6255
589,3359
589,9517
589,3488
589,6839
589,6508
589,2823
589,8960
589,8559
589,2276
589,4303
589,5671
589,9103
589,7959
589,6760
589,2824
589,9104
589,9105
589,8047
589,6571
589,2521
589,8598
589,6286
589,3161
589,3438
589,5453
589,8471
589,8139
589,6081
589,3524
589,3724
589,3460
589,9518
589,7135
589,3162
589,9106
589,6761
589,8681
589,9107
589,1282
589,3210
589,4754
589,9108
589,9417
589,7040
589,7401
589,9109
589,5620
589,6840
589,9110
589,3861
589,9111
589,7845
589,1913
589,4304
589,9231
589,8804
589,8845
589,9604
589,9112
589,2795
589,4782
589,5481
589,1383
589,6762
589,9519
589,9179
589,7239
589,6763
589,2481
589,8573
589,5970
589,7123
589,7375
589,8954
589,8710
589,9520
589,3617
589,3211
589,6287
589,2354
589,3080
589,9113
589,6256
589,9314
589,4143
589,6025
589,4003
589,6764
589,7038
589,4426
589,3081
589,7648
589,5621
589,8682
589,8532
589,8912
589,7649
589,5261
589,3675
589,6948
589,2277
589,5011
589,8964
589,9114
589,9579
589,5898
589,9115
589,2278
589,6584
589,3862
589,5279
589,3360
589,6040
589,9580
589,4755
589,3863
589,9581
589,7043
589,2796
589,3807
589,3212
589,6288
589,6354
589,9605
589,8499
589,3361
589,9116
589,6661
589,8109
589,7393
589,2825
589,7136
589,5531
589,9117
589,3439
589,9180
589,8609
589,7225
589,6257
589,8709
589,1130
589,2540
589,6258
589,3767
589,2355
589,9521
589,908
589,6785
589,9522
589,9718
589,9645
589,3071
589,7400
589,3919
589,8805
589,3920
589,9232
589,5101
589,7137
589,5591
589,1232
589,7114
589,7373
589,9606
589,7670
589,3362
589,3072
589,7846
589,7701
589,4823
589,1233
589,2981
589,3582
589,9118
589,2482
589,4857
589,4532
589,4551
589,3525
589,799
589,4606
589,9523
589,9582
589,3440
589,6545
589,6987
589,3489
589,6289
589,8647
589,3632
589,9119
589,5790
589,9120
589,6290
589,6893
589,5241
589,1131
589,5791
589,9583
589,9121
589,8558
589,3921
589,4384
589,2279
589,5899
589,2826
589,2280
589,1089
589,2483
589,7138
589,4305
589,9315
589,3073
589,4004
589,4306
589,5900
589,5792
589,4988
589,6259
589,3768
589,6082
589,9122
589,8520
589,4307
589,5901
589,6662
589,5902
589,8615
589,3147
589,5532
589,8651
589,5533
589,6932
589,3213
589,4144
589,1235
589,5534
589,2356
589,5793
589,8048
589,3118
589,5794
589,1384
589,3148
589,9584
589,2357
589,4552
589,5535
589,9233
589,2358
589,3808
589,1944
589,6083
589,2359
589,239
589,9316
589,6442
589,4005
589,8049
589,1385
589,6084
589,9181
589,7151
589,9646
589,8140
589,6949
589,7015
589,4607
589,7960
589,6786
589,8050
589,4385
589,7016
589,4386
589,4321
589,5764
589,2360
589,2361
589,7234
589,909
589,2992
589,8541
589,8667
589,9722
589,6291
589,6085
589,2362
589,2009
589,4346
589,2129
589,6026
589,4253
589,3922
589,9647
589,4553
589,2993
589,8812
589,2529
589,9182
589,4783
589,9317
589,4824
589,8068
589,7794
589,4608
589,1914
589,2363
589,8648
589,2364
589,7847
589,7848
589,8610
589,2365
589,2522
589,7849
589,5760
589,4254
589,2366
589,910
589,6556
589,4526
589,8756
589,9607
589,7795
589,945
589,9608
589,5761
589,2367
589,9234
589,8574
589,4255
589,3923
589,8051
589,7164
589,6787
589,7650
589,5262
589,4825
589,4609
589,7396
589,5663
589,7124
589,6086
589,4427
589,2746
589,3924
589,8696
589,6585
589,7850
589,8822
589,4797
589,4387
589,6534
589,6868
589,4581
589,7656
589,7961
589,3925
589,7962
589,2843
589,4582
589,2369
589,8692
589,6869
589,6978
589,6870
589,4716
589,7963
589,4691
589,3536
589,6871
589,6894
589,5450
589,9609
589,7397
589,5971
589,4554
589,7851
589,6516
589,1945
589,6872
589,4610
589,6879
589,7964
589,6478
589,9610
589,4583
589,3864
589,6896
589,1946
589,6841
589,4611
589,4612
589,2370
589,3809
589,1947
589,6087
589,8611
589,9719
589,8542
589,4256
589,5972
589,1068
589,6572
589,9648
589,6517
589,8676
589,7852
589,1386
589,8052
589,7853
589,3441
589,4784
589,4555
589,3490
589,6788
589,7165
589,9720
589,7166
589,5813
589,4826
589,2030
589,4006
589,2866
589,8649
589,8053
589,3442
589,5595
589,1948
589,4731
589,2808
589,4703
589,8127
589,8054
589,5765
589,7653
589,2371
589,2372
589,9235
589,7167
589,6895
589,7168
589,4697
589,2373
589,9236
589,9237
589,946
589,1949
589,4347
589,7169
589,5013
589,8612
589,8055
589,8823
589,7854
589,1286
589,5766
589,4527
589,6088
589,3491
589,5482
589,5483
589,5484
589,5485
589,5486
589,5487
589,5973
589,5488
589,5489
589,5490
589,9721
589,6942
589,5818
589,6089
589,4348
589,6494
589,4349
589,3926
589,4189
589,3927
589,4584
589,4585
589,2031
589,8641
589,1061
589,4350
589,2809
589,6120
589,9290
589,9183
589,1335
589,9318
589,1090
589,947
589,9319
589,7170
589,7171
589,8813
589,4613
589,9320
589,7172
589,9238
589,7855
589,9321
589,948
589,9239
589,949
589,5280
589,2374
589,2375
589,6090
589,7054
589,2541
589,3119
589,3928
589,5641
589,5642
589,2376
589,3492
589,3865
589,4351
589,4785
589,9240
589,4556
589,4717
589,3443
589,9184
589,1950
589,7856
589,3114
589,3537
589,8056
589,4786
589,3444
589,9241
589,8728
589,9242
589,7226
589,2377
589,7191
589,7965
589,3929
589,2378
589,9243
589,3082
589,3866
589,1370
589,3163
589,6091
589,3493
589,1287
589,2844
589,8543
589,9611
589,5819
589,9244
589,9291
589,7152
589,1951
589,7369
589,7173
589,4352
589,4763
589,4614
589,1387
589,5454
589,8827
589,9693
589,5651
589,950
589,2810
589,6842
589,3930
589,4827
589,3494
589,7857
589,6474
589,6873
589,6874
589,8969
589,4586
589,8688
589,7796
589,3931
589,3932
589,2379
589,3601
589,4587
589,6875
589,3933
589,4528
589,1962
589,6260
589,7858
589,4322
589,8544
589,8057
589,5767
589,4308
589,3149
589,800
589,801
589,5795
589,7616
589,3363
589,1890
589,4353
589,5796
589,8058
589,6663
589,6953
589,5675
589,6092
589,6093
589,5903
589,9524
589,5904
589,7728
589,1336
589,4828
589,7723
589,5820
589,8616
589,8668
589,7966
589,1337
589,8669
589,8670
589,9525
589,7859
589,7782
589,9612
589,9694
589,4829
589,7044
589,7967
589,8472
589,2731
589,5099
589,7208
589,3364
589,3934
589,1952
589,9613
589,2827
589,3867
589,1069
589,4557
589,8473
589,5263
589,9585
589,1056
589,8970
589,2281
589,2725
589,5905
589,1338
589,8780
589,967
589,8638
589,3633
589,7617
589,2484
589,7860
589,4212
589,6261
589,4732
589,4388
589,5750
589,5906
589,912
589,2283
589,9614
589,8474
589,2380
589,1916
589,5026
589,4615
589,2732
589,1388
589,7174
589,2411
589,2530
589,9649
589,5242
589,9526
589,3097
589,8128
589,4190
589,3810
589,7968
589,7969
589,5536
589,9123
589,3634
589,6789
589,3868
589,4616
589,8789
589,2050
589,2284
589,6664
589,6665
589,5907
589,7057
589,1288
589,5908
589,891
589,4588
589,7203
589,5797
589,8824
589,5909
589,5768
589,9292
589,7153
589,951
589,4830
589,2811
589,3154
589,8677
589,3583
589,7192
589,5989
589,4617
589,1389
589,6765
589,9124
589,7354
589,5798
589,8533
589,5821
589,6479
589,4558
589,9650
589,1149
589,8671
589,8500
589,9125
589,2828
589,5799
589,8475
589,9245
589,2125
589,7139
589,4989
589,5800
589,2381
589,6546
589,6547
589,7355
589,9695
589,9696
589,9651
589,8059
589,2829
589,8617
589,4733
589,7970
589,4589
589,7861
589,7140
589,2064
589,3769
589,3445
589,5910
589,802
589,5455
589,8476
589,6262
589,5456
589,9126
589,6432
589,3770
589,8716
589,6475
589,2382
589,6766
589,9527
589,7193
589,4428
589,5911
589,5912
589,4990
589,5913
589,5801
589,803
589,804
589,4429
589,9127
589,3771
589,4430
589,7175
589,7618
589,8545
589,7115
589,5652
589,2010
589,3935
589,9652
589,6939
589,7007
589,4798
589,8793
589,913
589,7862
589,6041
589,3936
589,2383
589,1339
589,3937
589,6950
589,4323
589,2384
589,9528
589,3772
589,7176
589,6790
589,6480
589,4718
589,5007
589,7783
589,8521
589,805
589,4509
589,4246
589,3869
589,9559
589,7356
589,4431
589,4191
589,7863
589,5822
589,7678
589,5040
589,7864
589,6292
589,4764
589,7154
589,7797
589,6843
589,1953
589,7235
589,2531
589,5537
589,2733
589,7357
589,7865
589,952
589,9246
589,3446
589,8600
589,9128
589,9129
589,2385
589,9653
589,4007
589,7141
589,6791
589,1237
589,2523
589,8680
589,5264
589,6767
589,9130
589,9654
589,9697
589,7387
589,4559
589,6768
589,8975
589,2747
589,8697
589,8110
589,7047
589,5802
589,8689
589,1340
589,5914
589,9421
589,3773
589,3365
589,9529
589,5281
589,9530
589,7866
589,5803
589,7867
589,9531
589,2797
589,2798
589,5855
589,953
589,4389
589,4390
589,4391
589,7868
589,6094
589,5012
589,3538
589,4719
589,9532
589,9322
589,7142
589,3870
589,2989
589,7869